year,pareto_x_pmin,pareto_selection_alpha,pareto_selection_r2,pareto_selection_status,transition_x_t,transition_delta_x_t,transition_rule,pareto_population_n,pareto_population_pct,pareto_alpha_ls,pareto_beta_ls,pareto_ls_r2,pareto_ls_sse,pareto_alpha_mle,pareto_alpha_mle_fisher_se,pareto_beta_mle_continuity,cutoff_normalized,cutoff_income_adj,pareto_alpha,pareto_r2
1976,8.297519708778417,2.049596100226989,0.9923937141879524,earliest_tail_start_with_r2_ge_0.98,8.297519708778417,0.0,coincident_regime_bounds,1752,1.1806964221933187,2.049596100226989,83.19909152984464,0.9923937141879524,0.7128366804560434,2.156841408341754,0.051528934443629965,129.2228972038227,8.297519708778417,9126.822212281764,2.156841408341754,0.9923937141879524
1977,9.379553333695137,1.807343239742676,0.9522425579234828,fallback_highest_tail_r2,9.379553333695137,0.0,coincident_regime_bounds,1956,1.0136868453920262,1.807343239742676,51.33289703847763,0.9522425579234828,4.870045079968715,2.1540021922691004,0.04870367309720649,141.16156776088494,9.379553333695137,10465.572950844837,2.1540021922691004,0.9522425579234828
1978,8.993868302665566,2.3329578393575185,0.9828084608476997,earliest_tail_start_with_r2_ge_0.98,8.993868302665566,0.0,coincident_regime_bounds,2356,1.092283084911565,2.3329578393575185,164.71250930912157,0.9828084608476997,2.1403181774568925,2.5848912011630003,0.05325429321769519,366.9184480718776,8.993868302665566,10063.399481857967,2.5848912011630003,0.9828084608476997
1979,6.935027877303481,0.9539471829935033,0.3534494791526539,fallback_highest_tail_r2,6.935027877303481,0.0,coincident_regime_bounds,1748,1.0200092197629704,0.9539471829935033,6.392110916618058,0.3534494791526539,23.145744769511563,0.9131417615095891,0.021840747149503213,6.700259092173232,6.935027877303481,10543.205536930041,0.9131417615095891,0.3534494791526539
1981,7.371242712382564,3.2614364447545965,0.9791595269776886,fallback_highest_tail_r2,7.371242712382564,0.0,coincident_regime_bounds,5681,1.2030970059170094,3.2614364447545965,1210.2487513530123,0.9791595269776886,3.007782377205158,2.5583351172475193,0.03394259464239944,243.90447582527034,7.371242712382564,2496.4480721647988,2.5583351172475193,0.9791595269776886
1982,7.849559609203476,2.875419105934236,0.9963078235845513,earliest_tail_start_with_r2_ge_0.98,7.849559609203476,0.0,coincident_regime_bounds,2560,1.237641712393338,2.875419105934236,455.2882006757643,0.9963078235845513,0.4473184873540186,2.8848761334133064,0.05701737093153644,541.7818676264862,7.849559609203476,6359.905832690098,2.8848761334133064,0.9963078235845513
1983,7.96710960176985,2.776827850093007,0.9947365799996454,earliest_tail_start_with_r2_ge_0.98,7.96710960176985,0.0,coincident_regime_bounds,5176,1.035626678191415,2.776827850093007,385.84190169478046,0.9947365799996454,0.7982764604324448,2.4852918094311556,0.03454460687833887,218.44929341007548,7.96710960176985,1603.6136229100368,2.4852918094311556,0.9947365799996454
1984,7.82329475179977,3.3576735676892513,0.9953455544086959,earliest_tail_start_with_r2_ge_0.98,7.82329475179977,0.0,coincident_regime_bounds,5611,1.1121682424530732,3.3576735676892513,1523.663129205975,0.9953455544086959,0.5413711524483251,2.6645534899159746,0.0355716744163777,324.80344071925725,7.82329475179977,1360.435558330008,2.6645534899159746,0.9953455544086959
1985,7.72788415290446,2.8456555104657966,0.9884408834827723,earliest_tail_start_with_r2_ge_0.98,7.72788415290446,0.0,coincident_regime_bounds,6033,1.1734226480490608,2.8456555104657966,532.3840611677135,0.9884408834827723,1.7236653912595439,2.4328090674592624,0.03132141422962799,203.32090234939665,7.72788415290446,1468.312139045823,2.4328090674592624,0.9884408834827723
1986,7.218092203968127,2.1326803653865243,0.9754860241505304,fallback_highest_tail_r2,7.218092203968127,0.0,coincident_regime_bounds,3553,1.2504311224669356,2.1326803653865243,67.86447408669837,0.9754860241505304,2.5104553882693175,2.3455771802487635,0.039350669350102306,153.49949062927152,7.218092203968127,2043.3937586039283,2.3455771802487635,0.9754860241505304
1987,7.763947684149914,2.665443345041113,0.9889923196717456,earliest_tail_start_with_r2_ge_0.98,7.763947684149914,0.0,coincident_regime_bounds,3459,1.182099345556448,2.665443345041113,325.8939709105412,0.9889923196717456,1.3403925913247574,2.384758946219901,0.04054797832541188,185.0902512345535,7.763947684149914,1760.8285210917386,2.384758946219901,0.9889923196717456
1988,8.533216400084266,2.586288054895858,0.9948405114166048,earliest_tail_start_with_r2_ge_0.98,8.533216400084266,0.0,coincident_regime_bounds,3140,1.084130606664296,2.586288054895858,315.46709804286985,0.9948405114166048,0.5281649046054276,2.3587623013401595,0.0420939183249053,203.03216629391005,8.533216400084266,2120.458320801568,2.3587623013401595,0.9948405114166048
1989,9.73777265679984,2.1283818368836718,0.9891179393912273,earliest_tail_start_with_r2_ge_0.98,9.73777265679984,0.0,coincident_regime_bounds,1200,1.057101076481263,2.1283818368836718,158.99037859968124,0.9891179393912273,1.1252038178086128,1.9303418859929515,0.055724170375302015,97.81760516202861,9.73777265679984,22921.90877989906,1.9303418859929515,0.9891179393912273
1990,8.665971226618906,2.1249824940992976,0.9973701896148859,earliest_tail_start_with_r2_ge_0.98,8.665971226618906,0.0,coincident_regime_bounds,1365,1.1809082179100088,2.1249824940992976,117.3916280711946,0.9973701896148859,0.28913903187031487,2.0432345604047604,0.05530340866649768,111.64879743652094,8.665971226618906,22706.817828902873,2.0432345604047604,0.9973701896148859
1992,7.465068963129983,2.2158432186449795,0.9949571247325956,earliest_tail_start_with_r2_ge_0.98,7.465068963129983,0.0,coincident_regime_bounds,857,1.1377817901808236,2.2158432186449795,87.83843088367628,0.9949571247325956,0.4621910631819949,2.385813881756108,0.08149784971413772,164.2502638201749,7.465068963129983,2383.2792547559166,2.385813881756108,0.9949571247325956
1993,8.09189309790807,2.2247184517105785,0.994233691028353,earliest_tail_start_with_r2_ge_0.98,8.09189309790807,0.0,coincident_regime_bounds,910,1.1846181884454163,2.2247184517105785,113.98906162573167,0.994233691028353,0.5296301750024958,2.30854639052865,0.07652756766246273,168.8108151264237,8.09189309790807,2885.923224713484,2.30854639052865,0.994233691028353
1995,8.407876016545897,2.81498264520965,0.987033751215114,earliest_tail_start_with_r2_ge_0.98,8.407876016545897,0.0,coincident_regime_bounds,855,1.0395642341268876,2.81498264520965,528.5096506593684,0.987033751215114,0.9050353838251995,2.354246696428253,0.08051353820011257,185.7015978628109,8.407876016545897,4763.236359252876,2.354246696428253,0.987033751215114
1996,8.124437179052151,2.7683677524308172,0.9890732777606026,earliest_tail_start_with_r2_ge_0.98,8.124437179052151,0.0,coincident_regime_bounds,879,1.0868758810000743,2.7683677524308172,435.2511089992099,0.9890732777606026,0.811619158574289,2.4484389580033117,0.08258379638622369,219.50251986937064,8.124437179052151,4746.54234628156,2.4484389580033117,0.9890732777606026
1997,7.7900910764788405,2.4693767411230025,0.9870747699933728,earliest_tail_start_with_r2_ge_0.98,7.7900910764788405,0.0,coincident_regime_bounds,1034,1.1957351342600089,2.4693767411230025,194.4096133009451,0.9870747699933728,1.2238900361404053,2.3220678807765593,0.07221287600734087,164.29078928066536,7.7900910764788405,4328.002834195265,2.3220678807765593,0.9870747699933728
1998,8.15287296793561,2.5695625585912154,0.9947974353016932,earliest_tail_start_with_r2_ge_0.98,8.15287296793561,0.0,coincident_regime_bounds,1008,1.1568920004590841,2.5695625585912154,261.69581960134343,0.9947974353016932,0.5546005008562218,2.400075202667349,0.07559526326322323,207.7139817563189,8.15287296793561,4346.832187378333,2.400075202667349,0.9947974353016932
1999,8.176655455951684,2.983033542269379,0.9951336097588339,earliest_tail_start_with_r2_ge_0.98,8.176655455951684,0.0,coincident_regime_bounds,968,1.0711282255565884,2.983033542269379,764.9941340401873,0.9951336097588339,0.41477137287154753,2.3343081813087214,0.075027506562847,173.5492168490256,8.176655455951684,2639.6928802500643,2.3343081813087214,0.9951336097588339
2001,8.53395522561751,2.858934010126409,0.9979796918398322,earliest_tail_start_with_r2_ge_0.98,8.53395522561751,0.0,coincident_regime_bounds,1017,1.021720348007796,2.858934010126409,588.1840898676451,0.9979796918398322,0.184522138055901,2.3326399775766484,0.07314543684440665,178.48624529283995,8.53395522561751,2137.9532231301678,2.3326399775766484,0.9979796918398322
2002,8.35044854642999,2.7908460678754237,0.9826372612374205,earliest_tail_start_with_r2_ge_0.98,8.35044854642999,0.0,coincident_regime_bounds,1047,1.0214733802280997,2.7908460678754237,412.93008538450175,0.9826372612374205,1.4474904658101797,2.482966664869789,0.07673571571154925,233.2496855822705,8.35044854642999,1789.5848664400112,2.482966664869789,0.9826372612374205
2003,7.988967241340482,2.9531524685684154,0.9908262257379001,earliest_tail_start_with_r2_ge_0.98,7.988967241340482,0.0,coincident_regime_bounds,1157,1.11236095488064,2.9531524685684154,610.5721669447092,0.9908262257379001,0.9677326826962507,2.5377393456340256,0.07460712997444822,255.93072022271946,7.988967241340482,2090.231338535213,2.5377393456340256,0.9908262257379001
2004,8.29192947397243,2.645936218717713,0.9949197389324222,earliest_tail_start_with_r2_ge_0.98,8.29192947397243,0.0,coincident_regime_bounds,1127,1.0338121709138275,2.645936218717713,278.0960524090911,0.9949197389324222,0.5390802905461761,2.573640001430336,0.07666300527029936,278.3240738480201,8.29192947397243,2358.7264409562326,2.573640001430336,0.9949197389324222
2005,7.475625354864691,2.719164043091664,0.9953284759168549,earliest_tail_start_with_r2_ge_0.98,7.475625354864691,0.0,coincident_regime_bounds,1435,1.2662919266168386,2.719164043091664,330.70483797948054,0.9953284759168549,0.5313183982176564,2.4863022469594234,0.06563386386522113,214.67449072919493,7.475625354864691,2837.6013576887563,2.4863022469594234,0.9953284759168549
2006,7.4087306824125,2.7206481256440678,0.9948595995538531,earliest_tail_start_with_r2_ge_0.98,7.4087306824125,0.0,coincident_regime_bounds,1397,1.2123894573320488,2.7206481256440678,310.1919454161237,0.9948595995538531,0.5538477494651172,2.4188490341666817,0.06471583526735579,181.4828342518473,7.4087306824125,3237.1450361416614,2.4188490341666817,0.9948595995538531
2007,7.561989889673862,2.7680763424074595,0.9953648978972989,earliest_tail_start_with_r2_ge_0.98,7.561989889673862,0.0,coincident_regime_bounds,1309,1.15614594465691,2.7680763424074595,363.8105866549157,0.9953648978972989,0.42458942297656393,2.4983016736591765,0.06905180821256003,212.3008832211264,7.561989889673862,3953.2671711425555,2.4983016736591765,0.9953648978972989
2008,7.59694880336684,2.7322200933508114,0.9973574616843905,earliest_tail_start_with_r2_ge_0.98,7.59694880336684,0.0,coincident_regime_bounds,1204,1.0631815974215197,2.7322200933508114,325.0216973043529,0.9973574616843905,0.26574206834032676,2.4188974356433475,0.0697114651657086,172.7179926862776,7.59694880336684,4488.694451127015,2.4188974356433475,0.9973574616843905
2009,7.5750694401889955,2.5231159110849246,0.992619324611407,earliest_tail_start_with_r2_ge_0.98,7.5750694401889955,0.0,coincident_regime_bounds,1217,1.047314159825132,2.5231159110849246,168.59579493967658,0.992619324611407,0.8529930295850141,2.4524042691549486,0.07029861590389107,179.7102633460054,7.5750694401889955,4824.027719369935,2.4524042691549486,0.992619324611407
2011,7.032932641135984,2.7881884708841604,0.9971395617622327,earliest_tail_start_with_r2_ge_0.98,7.032932641135984,0.0,coincident_regime_bounds,1240,1.183940421062682,2.7881884708841604,299.371685869108,0.9971395617622327,0.3180293436470376,2.4629753157158816,0.06994379890096178,171.99462981124748,7.032932641135984,5257.239422740773,2.4629753157158816,0.9971395617622327
2012,6.86123801280913,2.6797899471949647,0.9955133060516129,earliest_tail_start_with_r2_ge_0.98,6.86123801280913,0.0,coincident_regime_bounds,1209,1.1117854778194658,2.6797899471949647,230.2564072084456,0.9955133060516129,0.4645800170314212,2.327834824759444,0.06694821629672082,120.78872710505152,6.86123801280913,4893.9943415569405,2.327834824759444,0.9955133060516129
2013,6.8740464521628315,2.6710596130596254,0.9946491472228781,earliest_tail_start_with_r2_ge_0.98,6.8740464521628315,0.0,coincident_regime_bounds,1330,1.2217078189300412,2.6710596130596254,208.41955765171483,0.9946491472228781,0.4532545567566724,2.6118322718975944,0.07161755054635673,220.35574046778981,6.8740464521628315,4756.587364623397,2.6118322718975944,0.9946491472228781
2014,6.950485514934318,2.881560676475032,0.9949902443878411,earliest_tail_start_with_r2_ge_0.98,6.950485514934318,0.0,coincident_regime_bounds,1281,1.1213431607696214,2.881560676475032,337.44272770853263,0.9949902443878411,0.5268912691522154,2.5383048163972113,0.07092007871640255,186.23576099691252,6.950485514934318,5007.958267837742,2.5383048163972113,0.9949902443878411
2015,6.738138721209536,3.2341064206605967,0.9867849456189266,earliest_tail_start_with_r2_ge_0.98,6.738138721209536,0.0,coincident_regime_bounds,1398,1.2162867583086827,3.2341064206605967,784.8029437711704,0.9867849456189266,1.384171629640834,2.558701170688906,0.06843306348563659,191.45088872638854,6.738138721209536,2958.182392314611,2.558701170688906,0.9867849456189266
2016,7.707116879067058,4.838803266845441,0.8319773359912924,fallback_highest_tail_r2,6.748793931294257,0.9583229477728019,midpoint_between_regime_bounds,2379,1.0353336437738543,4.838803266845441,26029.992243291435,0.8319773359912924,3.543764286163447,2.90420739587031,0.05954295801866381,347.08063822153275,6.748793931294257,4887.58620064816,2.90420739587031,0.8319773359912924
2017,6.057845762362985,4.09221210315701,0.8175278719020002,fallback_highest_tail_r2,6.057845762362985,0.0,coincident_regime_bounds,2858,1.250847976891262,4.09221210315701,4160.269169869235,0.8175278719020002,9.507073449831992,2.3931686724516776,0.04476537190312347,112.91296738147608,6.057845762362985,4728.665210118416,2.3931686724516776,0.8175278719020002
2018,10.181206123245316,4.261491938196324,0.9821697603609886,earliest_tail_start_with_r2_ge_0.98,8.567553448633557,1.6136526746117594,midpoint_between_regime_bounds,1498,0.6592294320857263,4.261491938196324,13058.96159615263,0.9821697603609886,0.6813244001733229,2.8154309483795292,0.07274262576279462,476.73078429652736,8.567553448633557,5245.927608553585,2.8154309483795292,0.9821697603609886
2019,7.091028465546687,3.287913656581018,0.9604568367669322,fallback_highest_tail_r2,7.091028465546687,0.0,coincident_regime_bounds,2591,1.1504562307128743,3.287913656581018,937.9976830523672,0.9604568367669322,3.274129260376001,2.7749619454843275,0.054515917457452504,300.4535012945482,7.091028465546687,4453.2806997837815,2.7749619454843275,0.9604568367669322
2020,6.356300258380844,4.646269439040444,0.7730937784550451,fallback_highest_tail_r2,6.356300258380844,0.0,coincident_regime_bounds,1869,1.4076657151679934,4.646269439040444,11264.760035057438,0.7730937784550451,4.748490070381397,3.35620617819648,0.07763257326373087,768.5158934707424,6.356300258380844,3231.4354135733765,3.35620617819648,0.7730937784550451
2021,6.629131636273755,4.596819544552228,0.8934955860834097,fallback_highest_tail_r2,6.629131636273755,0.0,coincident_regime_bounds,2016,1.1697127937336815,4.596819544552228,9454.967879545766,0.8934955860834097,1.372840029259678,3.3977322883873255,0.07567351259002836,852.8361443163523,6.629131636273755,3171.0703392105866,3.3977322883873255,0.8934955860834097
2022,15.170359076813332,7.250195396027691,0.9472532060600397,fallback_highest_tail_r2,10.802036115572635,4.368322961240697,midpoint_between_regime_bounds,727,0.3541642308741572,7.250195396027691,59287115.55827708,0.9472532060600397,0.46531390663955746,3.5424505934579376,0.13138222013523101,4909.101055622473,10.802036115572635,5600.860841228613,3.5424505934579376,0.9472532060600397
2023,6.648120071247216,4.079382652441952,0.9060442248256642,fallback_highest_tail_r2,6.648120071247216,0.0,coincident_regime_bounds,2247,1.1133628314199215,4.079382652441952,4704.0692890577675,0.9060442248256642,6.395900719219046,2.6926074037584358,0.05680302958777147,222.00287752879024,6.648120071247216,3852.822531300146,2.6926074037584358,0.9060442248256642
2024,6.719783763051317,3.7069191073436967,0.9463564736728475,fallback_highest_tail_r2,6.719783763051317,0.0,coincident_regime_bounds,2652,1.2733715536861514,3.7069191073436967,2060.3746075644617,0.9463564736728475,2.4057266228150027,3.1314292017300303,0.06080731642295132,545.3114792778055,6.719783763051317,3686.2720682179333,3.1314292017300303,0.9463564736728475
2025,14.998596569298943,11.31112633368092,0.8338606591318052,fallback_highest_tail_r2,10.390602413726471,4.607994155572472,midpoint_between_regime_bounds,714,0.3315825403680845,11.31112633368092,3555951223978.252,0.8338606591318052,2.3156306123735777,3.764098176198755,0.14086783383985219,7433.577269720448,10.390602413726471,6234.119470772875,3.764098176198755,0.8338606591318052
