year,N,N_valid,n_nan,n_zero,n_negative,xmin_positive_nominal,xmax_nominal,mean_nominal,median_nominal,std_nominal,income_sum_nominal,xmin_positive,xmax,mean,median,std,income_sum,Gini,Pietra,Kolkata,Kolkata_pct,Zanardi,top_10,top_1,top_01,IPEA,Banco_Mundial,diff_IPEA,diff_Banco_Mundial
1976,148387,148387,0,0,0,1.0,405544.0,2210.5394946996703,1000.0,5429.8406754534,328015324.0,0.49759157606293647,201795.27812286752,1099.945831116976,497.5915760629364,2701.8429794694966,163217662.04195473,0.6136927360053015,0.46448923188942204,0.7307410953775938,73.07410953775938,0.01614760844895177,0.5100221872562196,0.16577626720884286,0.047989378660916904,,,,
1977,192959,192959,0,0,0,1.0,692500.0,3149.400121269285,1300.0,9574.306100144884,607705098.0,0.35428520150617615,245342.50204302697,1115.7858565874644,460.57076195802904,3392.034965971641,215300923.10126054,0.6331139745325973,0.47949032920965395,0.7386463443789062,73.86463443789062,0.016404759075988012,0.5320929593389094,0.18894951248228098,0.06709569844698293,,,,
1978,215695,215695,0,0,0,1.0,830000.0,4371.611187092886,2000.0,9782.350359726359,942934675.0,0.25595089967394596,212439.24672937515,1118.917816361111,511.90179934789194,2503.8013754977105,241344978.4000098,0.6190917906193394,0.46810061477771986,0.7331543871959001,73.31543871959,0.012293994129821262,0.5096399928240154,0.15466075844598026,0.0404397250536177,,,,
1979,171371,171371,0,0,0,1.0,1029998.0,10043.751346493864,3000.0,58426.34168721229,1721207712.0,0.1513660610401351,155906.7401392171,1520.2830793853295,454.0981831204054,8843.765202178367,260532431.5973433,0.7288355532326778,0.5660761837885986,0.7794482264193848,77.94482264193849,0.022340717255423543,0.6524295267622234,0.40059629479492864,0.0995933421826588,,,,
1981,472198,472198,0,0,0,0.09090909090909091,830000.0,10238.12861593576,5000.0,17716.634593001138,4834423856.187634,0.0030072432533670675,27456.130903241326,338.6739752811485,165.39837893518873,586.0605283738951,159921173.77980775,0.5884866557212263,0.44180024835608317,0.7205455417456132,72.05455417456133,0.008887252464587898,0.4702974823528264,0.12589107111701892,0.027128340915561044,,0.57864045464,,0.009846201081226247
1982,206845,206845,0,0,0,1.0,5150000.0,49336.371374700866,25000.0,88324.41086880892,10204981737.0,0.016422459102401747,84575.664377369,810.2245411619291,410.56147756004367,1450.5040252367428,167590895.21663922,0.5898439323148535,0.4419756074881367,0.7204863199960962,72.04863199960963,0.010672672357538803,0.47571409230441075,0.12898897126164066,0.027893120667474514,,0.583560943294,,0.006282989020853558
1983,499797,499797,0,3,0,5.0,7000000.0,43713.015742401374,20428.571428571428,81150.83862496793,21847634129.00498,0.0230226639023554,32231.729463297565,201.2780139191355,94.06402680105207,373.66169661138355,100598147.52274217,0.5984475364063784,0.4519279508866025,0.725584219260646,72.5584219260646,0.008633423759857654,0.4788964464964691,0.13248846452103702,0.03057718962702871,,0.589039744859,,0.009407791547378364
1984,504543,504543,0,33,0,2.5,9999998.0,123746.92207625261,60000.0,213075.30715878782,62435643305.11872,0.003512897502867209,14051.587201150835,173.88410141966835,84.30954006881302,299.40468577630776,87732006.18258373,0.5907641612178143,0.44505261498707505,0.7221229118193508,72.21229118193509,0.009706546603161868,0.4741198298908925,0.12635455451926036,0.025614284346361815,,0.582991179841,,0.007772981376814259
1985,514137,514137,0,0,0,4.0,75000000.0,472656.95313793456,223333.33333333334,900141.4286116081,243010427915.47827,0.0016079469879319557,30149.00602372417,190.0018310308094,89.7770401595342,361.8449247122007,97686971.40068725,0.6020969269730102,0.45355558839791854,0.7264272010685632,72.64272010685632,0.008910813058296904,0.483816556097423,0.13734837166333014,0.03295986014687036,,0.555264216911,,0.046832710062010174
1986,284142,284142,0,0,0,0.16666666666666666,334666.6666666667,1329.1840383692063,652.25,2830.9573725994533,377677011.030303,0.03549713231006227,71278.24167860505,283.0933300464876,138.9180272954287,602.9452105158542,80438704.98606908,0.5930790055734168,0.44469545804928085,0.7219180055486722,72.19180055486723,0.009757339057691918,0.4754459450184376,0.13895164120433368,0.037182041241316854,,0.584328977746,,0.00875002782741674
1987,292615,292615,0,0,0,3.0,500000.0,4000.636700914002,1916.6666666666667,7741.134848936022,1170646308.2379508,0.1700695661251953,28344.927687532545,226.79551598299238,108.65555613554145,438.8438150250594,66363769.909363315,0.6046304992949822,0.4539641921753865,0.7267185094855458,72.67185094855458,0.007595960877384006,0.48384690867099756,0.13988360879304862,0.03390413751556476,,0.596431493876,,0.00819900541898222
1988,289633,289633,0,0,0,2.5,4500000.0,29877.355418587245,13333.333333333334,62085.83170904581,8653468081.95168,0.020792889057430836,37427.20030337551,248.49461461924582,110.89540830629782,516.3775243058044,71972240.71601602,0.6245229030230508,0.47178528167029066,0.7354975364206165,73.54975364206166,0.008101184456120186,0.5069927590632901,0.1498660436757422,0.036480405217516276,,0.613722993924,,0.01079990909905082
1989,113568,113568,0,50,0,1.5714285714285714,625002.0,2958.627834103776,1040.8,8534.331979992949,336005445.8634976,1.249695507469442,497039.57644690125,2352.880671624977,827.7074172017607,6787.019485686348,267211952.11510536,0.6849621476811574,0.5254684297178701,0.7625572865096437,76.25572865096437,0.005746923348760154,0.5693846717211379,0.19931667516715468,0.05907197207357762,,0.63245782638,,0.05250432130115734
1990,115785,115785,0,196,0,21.571428571428573,25000004.0,80747.4011213423,31501.5,211427.28391755544,9349337838.834618,0.6988011217925096,809868.979338547,2615.792194688517,1020.4833428279945,6849.134849363697,302869499.26201,0.6608834465792127,0.5014083268909204,0.7506034523945494,75.06034523945495,0.004238328136369482,0.537605204759827,0.1769724778432209,0.04937926561072603,,0.60450872928,,0.05637471729921273
1992,76440,76440,0,1118,0,0.5,125500000.0,790108.087158418,415000.0,1583958.8649833836,60395862182.38947,0.00019907914672198825,49968.86582721905,314.5880876192804,165.23569177925026,630.666358567242,24047113.41761779,0.585684044253634,0.4343121335082222,0.7167079609202229,71.6707960920223,0.008207703417455543,0.46583469651118903,0.1377168082301654,0.03669236220009919,,0.531034170544,,0.05464987370963392
1993,77843,77843,0,1025,0,0.14285714285714285,4017500.0,17499.86112474671,8666.666666666666,38989.91766117366,1362241689.533658,0.002873064826168041,80797.76557391074,351.9476482223468,174.29926612086115,784.1439270525428,27396660.780572142,0.6097346922973377,0.4572044035202052,0.7279074113905827,72.79074113905827,0.010828972413567875,0.4958026947731361,0.15334432029781464,0.040768756861130906,,0.600668969317,,0.009065722980337698
1995,83455,83455,0,1209,0,0.3333333333333333,23000.0,251.17817743922058,118.0,486.0617795082694,20962074.798190154,0.7409264484985298,51123.92494639856,558.3136648511257,262.2879627684796,1080.4080841258126,46594066.9001507,0.6078148953935558,0.45758507259694053,0.7283326469067329,72.83326469067329,0.009350691867757513,0.49070620907255313,0.14423860871945648,0.03259526648706901,0.615,0.595311943295,-0.00718510460644417,0.012502952098555786
1996,82551,82551,0,1677,0,0.25,30000.0,283.7468729715608,132.0,541.8219154288261,23423588.110675313,0.5042891039833434,60514.692478001205,572.3618253156156,266.2646469032053,1092.939553000566,47249041.04162939,0.6093421955328784,0.45792350414384586,0.7286773716283089,72.86773716283089,0.006864397137215431,0.4873509468596591,0.1401910069785126,0.03276350160531616,0.616,0.598383767765,-0.0066578044671216086,0.010958427767878365
1997,87988,87988,0,1514,0,0.25,53820.0,296.8638742859821,138.33333333333334,602.6969891096128,26120458.570674993,0.4598220161258061,98990.48363156353,546.0181807563927,254.43484892294606,1108.5333785813407,48043047.68839347,0.6087982134452723,0.4567827176515581,0.7280504056763256,72.80504056763256,0.008051914390432475,0.4893153025853655,0.14488984506144553,0.03461111428122332,0.616,0.597547175783,-0.007201786554727696,0.011251037662272312
1998,88562,88562,0,1432,0,0.25,40500.0,312.3489798541759,144.66666666666666,625.4432112744173,27662250.35384553,0.4198386471319267,68013.86083537212,524.5446925400587,242.9466304736749,1050.3409267171967,46454727.06073268,0.6095628702928875,0.4583750747199591,0.7286678974691543,72.86678974691543,0.009393493284266695,0.49281773377309634,0.14548160969001656,0.03346572150940763,0.614,0.595662519999,-0.004437129707112519,0.013900350293887476
1999,91737,91737,0,1365,0,0.3333333333333333,28445.0,312.3955307807227,147.5,586.008998362155,28658228.807231158,0.339344641828083,28957.975010399467,318.02924850443475,150.16000400892676,596.5770409717176,29175049.17005133,0.6040101548852397,0.4540226873128804,0.7264320631362278,72.64320631362278,0.009678789363287052,0.4877913371632804,0.14076024513016427,0.029930660983984336,0.608,0.589512228762,-0.003989845114760304,0.014497926123239635
2001,101423,101423,0,1885,0,0.3333333333333333,40000.0,360.8100437669634,180.0,696.2172897722613,36594437.06897673,0.227143557687889,27257.226922546677,245.86703097225305,122.65752115146006,474.4238163680741,24936571.88229882,0.6045135448171821,0.4520930391603373,0.7255668078822596,72.55668078822596,0.009596326574370944,0.4885583255426713,0.1448667815668232,0.03185406826275572,0.61,0.58402876478,-0.005486455182817873,0.020484780037182126
2002,103914,103914,0,1415,0,0.2,38000.0,393.93053258231384,200.0,730.338382740047,40934897.36275856,0.10732438595014578,20391.633330527697,211.3917625820536,107.32438595014577,391.91559231699046,21966563.616951518,0.5957395428732748,0.44543005185612716,0.7222218077771546,72.22218077771547,0.010261012265452266,0.48115579160568045,0.13711400319091915,0.029270232585336342,0.603,0.58105672714,-0.007260457126725184,0.01468281573327479
2003,105676,105676,0,1663,0,0.14285714285714285,38000.0,429.6820416424124,232.0,775.8540375791118,45407079.432603575,0.08561891658290029,22774.63181105148,257.52237616386407,139.0451205306301,464.9944748679466,27213934.623492498,0.5883019899185813,0.4380738088308902,0.7184705153823643,71.84705153823643,0.009552595308154053,0.4716450338467122,0.1347296592454047,0.02881618937726138,0.596,0.575533879723,-0.0076980100814186825,0.012768110195581328
2004,110351,110351,0,1337,0,1.0,61250.0,475.56951908002645,260.0,891.0074390093745,52479572.0,0.5908999682989451,36192.62305831039,281.0140137483322,153.63399175772574,526.4962674647636,31010177.431142207,0.5835216952670556,0.4339363795424506,0.7163725916678823,71.63725916678823,0.011316015183351727,0.469628239346192,0.13681119579259082,0.031224454345841868,0.585,0.56471825867,-0.0014783047329444132,0.018803436597055523
2005,114576,114576,0,1253,0,1.0,64533.0,528.1295733836056,295.0,969.5543630883552,60510974.0,0.7108660517764732,45874.318919291145,375.4293846575969,209.70548527405958,689.2232820712723,43015197.17652883,0.5795971476217483,0.43066132700451176,0.714600903591925,71.46009035919249,0.012029700644019425,0.4673872874695316,0.13558380005586212,0.03010761320750388,0.582,0.563101304494,-0.002402852378251663,0.016495843127748322
2006,116333,116333,0,1106,0,1.0,79400.0,587.0347536812426,330.0,1058.1537565041779,68291514.0,0.7372348623166823,58536.44806794458,432.7824858052985,243.2875045645052,780.1078389862378,50346884.92118779,0.5710157172380892,0.42327988041732,0.7107741295824812,71.07741295824812,0.013029335515811908,0.4606905771630052,0.13262658812917283,0.0297290732929949,0.575,0.556422105694,-0.003984282761910762,0.014593611544089224
2007,115112,115112,0,1891,0,1.0,60000.0,628.2308708040864,365.0,1120.6388194434421,72316912.0,0.8184783325708466,49108.69995425079,514.1933556052595,298.74459138835897,917.2185923522305,59189825.55043264,0.5668787248530293,0.41807265663797866,0.7082489914938854,70.82489914938854,0.01228012748667171,0.45521412750575785,0.13219162344750846,0.030446748057924244,0.568,0.549191681065,-0.0011212751469706905,0.01768704378802921
2008,114821,114821,0,1576,0,2.0,85000.0,707.9154248787243,415.0,1259.5252391026913,81283557.0,1.6463689828986685,69970.68177319341,582.744999017932,341.6215639514737,1036.8216434183503,66911363.53223797,0.5598349140987711,0.4124621131797489,0.7053452328369219,70.53452328369218,0.01361217584029363,0.45055356152794124,0.13082532965445115,0.03095530920246703,0.558,0.540375889542,0.0018349140987710122,0.019459024556771065
2009,117827,117827,0,1625,0,1.0,94669.0,760.8806046152409,451.0,1355.6017941113585,89652279.0,0.8254208696763146,78141.76831138702,628.0467303813521,372.2648122240178,1118.9420118301696,74000862.10064358,0.5559048100990898,0.4087625735560034,0.7034998610165881,70.34998610165881,0.013360278541961002,0.4462759290258307,0.1289667382578341,0.030512163555952987,0.554,0.536820020289,0.0019048100990897154,0.019084789810089764
2011,106448,106448,0,1713,0,1.0,100000.0,899.3834830151811,545.0,1496.04557534613,95737573.0,0.8177691469857601,81776.91469857602,735.4880637184066,445.6841851072393,1223.4199140026253,78291233.40669695,0.5427476870177501,0.39675680843412164,0.6974423209410953,69.74423209410952,0.013934067795019274,0.43520005463261935,0.12352570291283504,0.02687465244177467,0.543,0.529417718899,-0.0002523129822499248,0.01332996811875009
2012,110502,110502,0,1758,0,1.0,100000.0,1014.2672440317822,622.0,1686.304411026255,112078559.0,0.6920599916402683,69205.99916402683,701.9337804256332,430.4613148002469,1167.0238165977776,77565086.60459332,0.5352162393011409,0.390541477709794,0.6944853224237814,69.44853224237814,0.014131259153834059,0.4277358705156019,0.12230575698247015,0.028630409140073754,0.54,0.534459752729,-0.0047837606988591075,0.0007564865721408909
2013,111029,111029,0,2165,0,1.0,82000.0,1109.5523601941834,678.0,1800.6698609186542,123192489.0,0.6114811490567047,50141.45422264978,678.470352150118,414.5842190604458,1101.0756756263154,75329884.72887544,0.5363271946845327,0.39111443887021025,0.6945425916919185,69.45425916919184,0.013502955995272079,0.42863500793463627,0.11956394167830031,0.02698392756721968,0.532,0.527108703138,0.004327194684532687,0.009218491546532759
2014,115020,115020,0,782,0,1.0,100000.0,1222.7204486176317,724.0,1920.9940243225,140637306.0,0.5852691209249501,58526.91209249501,715.6205220994019,423.7348435496639,1124.2984839173118,82310672.45187321,0.5248901286181102,0.38321616051924273,0.6906854668951766,69.06854668951766,0.01614438142440154,0.42155504599897065,0.11668616576031432,0.02504620644538247,0.526,0.52051631641,-0.001109871381889782,0.004373812208110284
2015,115625,115625,0,685,0,5.0,107000.0,1248.759904864865,788.0,1907.7045301829041,144387864.0,1.7474127708119864,37394.63329537651,436.4198010877652,275.3922526799691,666.7094517954976,50461039.500772856,0.5229362857855651,0.3812025384546629,0.6896165933534834,68.96165933534833,0.01589523678706892,0.41924817864194674,0.1152201025703361,0.023429434484834033,0.524,0.519366717318,-0.0010637142144349632,0.003569568467565065
2016,229781,229781,0,0,0,6.0,33000.0,1754.1503039850988,1100.0,2277.7295117881936,403070411.0,2.477152306398803,13624.337685193417,724.2162452144747,454.1445895064472,940.3804855797904,166411133.04162723,0.47982986009349904,0.3495668026734332,0.6727809884659091,67.27809884659091,0.02204012380840568,0.38754393708121926,0.09991594992068531,0.016261161378028133,0.537,0.533623062525,-0.057170139906500994,-0.053793202431500986
2017,228485,228485,0,0,0,5.0,44000.0,1859.7702256165612,1200.0,2517.9690706563583,424929600.0,2.0986067683668064,18467.7395616279,780.5852766171955,503.6656244080335,1056.8453868435424,178352026.92787993,0.48790585792160746,0.35479412610529376,0.6759455846991462,67.59455846991462,0.02124310935420994,0.39421620899071297,0.10504771613929309,0.018363241816918507,0.539,0.53286657297,-0.05109414207839258,-0.0449607150483925
2018,227235,227235,0,0,0,5.0,70000.0,1960.353457874007,1200.0,2800.865482175397,445460918.0,1.5617125201941697,21863.975282718377,612.3017078335542,374.8110048466007,874.8293381785995,139136378.5795577,0.4987194137244376,0.3623394189175321,0.6801890389700744,68.01890389700745,0.020596813484414188,0.40276819525540886,0.1107149898154065,0.0209293556916772,0.545,0.538905021683,-0.04628058627556242,-0.04018560795856241
2019,225215,225215,0,0,0,4.0,110000.0,2047.0181160224674,1200.0,3063.709766528092,461019185.0,1.2271824814020922,33747.51823855754,628.0161927738719,368.1547444206277,939.9327383959422,141438666.85556757,0.5028341835458989,0.3648999116117231,0.6812947774604956,68.12947774604956,0.020703486339443192,0.40667183948038677,0.11454748027421813,0.023724563653116593,0.543,0.534758476099,-0.04016581645410111,-0.03192429255310103
2020,132773,132773,0,0,0,10.0,33000.0,2201.099462993229,1400.0,2846.944757628918,292246579.0,2.3096778428966296,7621.936881558877,508.3830659687131,323.3548980055281,657.5525226646228,67499544.81786394,0.48931027330851096,0.3587542494092894,0.6769296172368746,67.69296172368746,0.021260464929939518,0.39472333395584014,0.09687257280111805,0.013812616776790576,0.523,0.488220629536,-0.033689726691489064,0.001089643772510973
2021,172350,172350,0,0,0,2.0,33000.0,2133.502088772846,1400.0,2687.2486020594847,367709085.0,0.44842121982237854,7398.950127069246,478.3538045705561,313.894853875665,602.5096480507478,82444278.21773535,0.4785899211902097,0.34780127297191643,0.6721805183044606,67.21805183044606,0.020289380393994468,0.38429194644546083,0.0949758665883671,0.01419086504292244,0.544,0.528508850596,-0.06541007880979033,-0.049918929405790236
2022,205272,205272,0,0,0,4.0,65000.0,2481.772146225496,1500.0,3432.996084417629,509438332.0,0.8356939203118747,13580.026205067965,518.5004735499999,313.38522011695306,717.233489050571,106433629.20655559,0.4917024158171105,0.35912877394487763,0.6782578754340767,67.82578754340767,0.0229834815932182,0.39757699073101416,0.10674971745034778,0.019479914203593962,0.517,0.518944401741,-0.02529758418288952,-0.02724198592388949
2023,201821,201821,0,0,0,8.0,83000.0,2711.4314565877685,1600.0,3739.2201255667655,547223808.0,1.7099031295768425,17740.24496935974,579.5356416565653,341.98062591536853,799.2130243604158,116962462.73476966,0.49025243398868157,0.3578439328587782,0.6773092629883003,67.73092629883003,0.022951629338847205,0.39720996386181284,0.1050587824569511,0.019824588845220203,0.517,0.514862434537,-0.026747566011318447,-0.02461000054831841
2024,208266,208266,0,0,0,8.0,90000.0,2950.766687793495,1800.0,4112.672350864595,614544375.0,1.4872610439161298,16731.68674405646,548.5700430550867,334.63373488112916,764.577171728985,114248488.58691068,0.49140334798180496,0.35731935196017955,0.677684347150113,67.76843471501131,0.022706230420848416,0.3991089805352961,0.10673281648692257,0.019960483732287315,0.504,0.502581211667,-0.012596652018195043,-0.011177863685195022
2025,215331,215331,0,0,0,10.0,72000.0,3220.3150034133496,2000.0,4283.688146684514,693433650.0,1.8630994522487612,13414.316056191079,599.976711892788,372.61989044975223,798.0937039692429,129193585.34858592,0.48702240932182594,0.3555173800306903,0.675589200050479,67.5589200050479,0.02201311859857118,0.3945370779154844,0.10134419926013305,0.017435684004195262,0.511,,-0.023977590678174066,
