year,median_log1p,mad_log1p,scaled_dispersion_log1p,dispersion_method,mad_consistency,threshold_k,statistical_cutoff,n_refined,n_invalid_nan,n_invalid_inf,n_invalid_negative,n_invalid_structural,n_valid_before_trim,n_statistical_outlier,n_removed_total,n_trusted,structural_invalid_rate,statistical_removal_rate,total_removal_rate,maximum_valid_before_trim,maximum_after,raw_n,raw_n_nan,raw_n_inf,raw_n_negative,raw_n_zero,raw_n_positive,raw_min,raw_max,raw_mean,raw_median,raw_std,raw_q01,raw_q25,raw_q50,raw_q75,raw_q99,raw_sum,valid_n,valid_n_nan,valid_n_inf,valid_n_negative,valid_n_zero,valid_n_positive,valid_min,valid_max,valid_mean,valid_median,valid_std,valid_q01,valid_q25,valid_q50,valid_q75,valid_q99,valid_sum,trusted_n,trusted_n_nan,trusted_n_inf,trusted_n_negative,trusted_n_zero,trusted_n_positive,trusted_min,trusted_max,trusted_mean,trusted_median,trusted_std,trusted_q01,trusted_q25,trusted_q50,trusted_q75,trusted_q99,trusted_sum,input_file,output_file,read_seconds,trim_seconds,write_seconds,total_seconds
1976,6.90875477931522,0.6921486782303559,1.0261796303443256,scaled_mad,1.4826,6.0,472517.6808766022,148396,0,0,0,0,148396,9,9,148387,0.0,6.064853500094342e-05,6.064853500094342e-05,999999.0,405544.0,148396,0,0,0,0,148396,1.0,999999.0,2257.742526752743,1000.0,8285.144327925911,100.0,560.0,1000.0,2000.0,20000.0,335039960.0,148396,0,0,0,0,148396,1.0,999999.0,2257.742526752743,1000.0,8285.144327925911,100.0,560.0,1000.0,2000.0,20000.0,335039960.0,148387,0,0,0,0,148387,1.0,405544.0,2210.5394946996703,1000.0,5429.8406754534,100.0,560.0,1000.0,2000.0,20000.0,328015324.0,pnad_refined_1976.parquet,pnad_trusted_1976.parquet,0.01781738900000107,0.052812025000001483,0.006765078000000813,0.07739449200000337
1977,7.183111701743281,0.7046020595347118,1.0446430134661637,scaled_mad,1.4826,6.0,694514.5162504349,193886,0,0,0,0,193886,927,927,192959,0.0,0.00478116006312988,0.00478116006312988,1119000.0,692500.0,193886,0,0,0,0,193886,1.0,1119000.0,7912.467238480344,1316.0,69386.84298927562,110.0,750.0,1316.0,3000.0,40000.0,1534116623.0,193886,0,0,0,0,193886,1.0,1119000.0,7912.467238480344,1316.0,69386.84298927562,110.0,750.0,1316.0,3000.0,40000.0,1534116623.0,192959,0,0,0,0,192959,1.0,692500.0,3149.400121269285,1300.0,9574.306100144884,110.0,740.0,1300.0,3000.0,30000.0,607705098.0,pnad_refined_1977.parquet,pnad_trusted_1977.parquet,0.004463728999994032,0.06418734100000023,0.0052068720000022495,0.07385794199999651
1978,7.601402334583733,0.692897274273502,1.027289498837894,scaled_mad,1.4826,6.0,950875.364802797,216329,0,0,0,0,216329,634,634,215695,0.0,0.002930721262521437,0.002930721262521437,1099998.0,830000.0,216329,0,0,0,0,216329,1.0,1099998.0,7290.615391371476,2000.0,54720.424266702576,150.0,1000.0,2000.0,4140.0,46977.040000000095,1577171537.0,216329,0,0,0,0,216329,1.0,1099998.0,7290.615391371476,2000.0,54720.424266702576,150.0,1000.0,2000.0,4140.0,46977.040000000095,1577171537.0,215695,0,0,0,0,215695,1.0,830000.0,4371.611187092886,2000.0,9782.350359726359,150.0,1000.0,2000.0,4050.0,40000.0,942934675.0,pnad_refined_1978.parquet,pnad_trusted_1978.parquet,0.0026431909999971026,0.05384987100000416,0.005172970999993254,0.06166603299999451
1979,8.006700845440367,0.6928140138069052,1.0271660568701175,scaled_mad,1.4826,6.0,1425020.1114974446,171371,0,0,0,0,171371,0,0,171371,0.0,0.0,0.0,1029998.0,1029998.0,171371,0,0,0,0,171371,1.0,1029998.0,10043.751346493864,3000.0,58426.34168721229,200.0,1709.0,3000.0,6900.0,70000.0,1721207712.0,171371,0,0,0,0,171371,1.0,1029998.0,10043.751346493864,3000.0,58426.34168721229,200.0,1709.0,3000.0,6900.0,70000.0,1721207712.0,171371,0,0,0,0,171371,1.0,1029998.0,10043.751346493864,3000.0,58426.34168721229,200.0,1709.0,3000.0,6900.0,70000.0,1721207712.0,pnad_refined_1979.parquet,pnad_trusted_1979.parquet,0.002281689000000142,0.042500814999996805,0.004662777000000062,0.04944528099999701
1981,8.517393171418904,0.6930471955576127,1.0275117721337166,scaled_mad,1.4826,6.0,2379648.5912030186,479110,6912,0,0,6912,472198,0,6912,472198,0.014426749598213355,0.0,0.014426749598213355,830000.0,830000.0,479110,6912,0,0,0,472198,0.09090909090909091,830000.0,10238.12861593576,5000.0,17716.634593001138,500.0,2560.0,5000.0,10482.0,82000.0,4834423856.187634,472198,0,0,0,0,472198,0.09090909090909091,830000.0,10238.12861593576,5000.0,17716.634593001138,500.0,2560.0,5000.0,10482.0,82000.0,4834423856.187634,472198,0,0,0,0,472198,0.09090909090909091,830000.0,10238.12861593576,5000.0,17716.634593001138,500.0,2560.0,5000.0,10482.0,82000.0,4834423856.187634,pnad_refined_1981.parquet,pnad_trusted_1981.parquet,0.005259721000001605,0.10987228799999826,0.02179113199999705,0.13692314099999692
1982,10.12667110305036,0.6931271811599267,1.0276303587877071,scaled_mad,1.4826,6.0,11904811.115266629,206845,0,0,0,0,206845,0,0,206845,0.0,0.0,0.0,5150000.0,5150000.0,206845,0,0,0,0,206845,1.0,5150000.0,49336.371374700866,25000.0,88324.41086880892,1200.0,13000.0,25000.0,50000.0,404000.0,10204981737.0,206845,0,0,0,0,206845,1.0,5150000.0,49336.371374700866,25000.0,88324.41086880892,1200.0,13000.0,25000.0,50000.0,404000.0,10204981737.0,206845,0,0,0,0,206845,1.0,5150000.0,49336.371374700866,25000.0,88324.41086880892,1200.0,13000.0,25000.0,50000.0,404000.0,10204981737.0,pnad_refined_1982.parquet,pnad_trusted_1982.parquet,0.0032479569999992464,0.05022579099999547,0.005578939999999477,0.05905268799999419
1983,9.924738710037618,0.7142983430611007,1.0590187234223878,scaled_mad,1.4826,6.0,11743975.755540838,508216,8419,0,0,8419,499797,0,8419,499797,0.01656579092354432,0.0,0.01656579092354432,7000000.0,7000000.0,508216,8419,0,0,3,499794,0.0,7000000.0,43713.015742401374,20428.571428571428,81150.83862496793,2311.1111111111113,10462.666666666666,20428.571428571428,44782.28571428572,350000.0,21847634129.00498,499797,0,0,0,3,499794,0.0,7000000.0,43713.015742401374,20428.571428571428,81150.83862496793,2311.1111111111113,10462.666666666666,20428.571428571428,44782.28571428572,350000.0,21847634129.00498,499797,0,0,0,3,499794,0.0,7000000.0,43713.015742401374,20428.571428571428,81150.83862496793,2311.1111111111113,10462.666666666666,20428.571428571428,44782.28571428572,350000.0,21847634129.00498,pnad_refined_1983.parquet,pnad_trusted_1983.parquet,0.006593260000002488,0.07792723899999743,0.01620968000000289,0.1007301790000028
1984,11.002116507732017,0.6931388473307774,1.0276476550526104,scaled_mad,1.4826,6.0,28573846.604990292,511389,6846,0,0,6846,504543,0,6846,504543,0.013387069334694333,0.0,0.013387069334694333,9999998.0,9999998.0,511389,6846,0,0,33,504510,0.0,9999998.0,123746.92207625261,60000.0,213075.30715878782,6600.0,31000.0,60000.0,125827.9,1000875.0,62435643305.11872,504543,0,0,0,33,504510,0.0,9999998.0,123746.92207625261,60000.0,213075.30715878782,6600.0,31000.0,60000.0,125827.9,1000875.0,62435643305.11872,504543,0,0,0,33,504510,0.0,9999998.0,123746.92207625261,60000.0,213075.30715878782,6600.0,31000.0,60000.0,125827.9,1000875.0,62435643305.11872,pnad_refined_1984.parquet,pnad_trusted_1984.parquet,0.006336034000000268,0.08821438500000056,0.015408508000000154,0.10995892700000098
1985,12.316425180300955,0.7189173655235948,1.0658668861252816,scaled_mad,1.4826,6.0,133769200.6337102,519783,5646,0,0,5646,514137,0,5646,514137,0.010862225197822938,0.0,0.010862225197822938,75000000.0,75000000.0,519783,5646,0,0,0,514137,4.0,75000000.0,472656.95313793456,223333.33333333334,900141.4286116081,20909.090909090908,112500.0,223333.33333333334,482333.3333333333,3945001.7600001856,243010427915.47827,514137,0,0,0,0,514137,4.0,75000000.0,472656.95313793456,223333.33333333334,900141.4286116081,20909.090909090908,112500.0,223333.33333333334,482333.3333333333,3945001.7600001856,243010427915.47827,514137,0,0,0,0,514137,4.0,75000000.0,472656.95313793456,223333.33333333334,900141.4286116081,20909.090909090908,112500.0,223333.33333333334,482333.3333333333,3945001.7600001856,243010427915.47827,pnad_refined_1985.parquet,pnad_trusted_1985.parquet,0.006400281000004782,0.0834626039999975,0.01567466800000261,0.10553755300000489
1986,6.481959904400722,0.7043075811780657,1.0442064198546002,scaled_mad,1.4826,6.0,343586.95855524036,287320,3178,0,0,3178,284142,0,3178,284142,0.011060838089934568,0.0,0.011060838089934568,334666.6666666667,334666.6666666667,287320,3178,0,0,0,284142,0.16666666666666666,334666.6666666667,1329.1840383692063,652.25,2830.9573725994533,66.66666666666667,333.3333333333333,652.25,1350.5,10400.0,377677011.030303,284142,0,0,0,0,284142,0.16666666666666666,334666.6666666667,1329.1840383692063,652.25,2830.9573725994533,66.66666666666667,333.3333333333333,652.25,1350.5,10400.0,377677011.030303,284142,0,0,0,0,284142,0.16666666666666666,334666.6666666667,1329.1840383692063,652.25,2830.9573725994533,66.66666666666667,333.3333333333333,652.25,1350.5,10400.0,377677011.030303,pnad_refined_1986.parquet,pnad_trusted_1986.parquet,0.0036668750000004025,0.041227376999998455,0.011541483999998547,0.056435735999997405
1987,7.558864448195184,0.7354351606620515,1.0903561691975574,scaled_mad,1.4826,6.0,1330413.9757580613,296508,3893,0,0,3893,292615,0,3893,292615,0.013129493976553752,0.0,0.013129493976553752,500000.0,500000.0,296508,3893,0,0,0,292615,3.0,500000.0,4000.636700914002,1916.6666666666667,7741.134848936022,160.0,937.3333333333334,1916.6666666666667,4040.0,33750.0,1170646308.2379508,292615,0,0,0,0,292615,3.0,500000.0,4000.636700914002,1916.6666666666667,7741.134848936022,160.0,937.3333333333334,1916.6666666666667,4040.0,33750.0,1170646308.2379508,292615,0,0,0,0,292615,3.0,500000.0,4000.636700914002,1916.6666666666667,7741.134848936022,160.0,937.3333333333334,1916.6666666666667,4040.0,33750.0,1170646308.2379508,pnad_refined_1987.parquet,pnad_trusted_1987.parquet,0.0035886779999998453,0.042556869000001996,0.009311132000000555,0.055456679000002396
1988,9.498097441615604,0.7507866925625688,1.1131163503932644,scaled_mad,1.4826,6.0,10604568.424470395,293627,3994,0,0,3994,289633,0,3994,289633,0.013602291342417422,0.0,0.013602291342417422,4500000.0,4500000.0,293627,3994,0,0,0,289633,2.5,4500000.0,29877.355418587245,13333.333333333334,62085.83170904581,888.8888888888889,6457.142857142857,13333.333333333334,29211.666666666668,265430.0,8653468081.95168,289633,0,0,0,0,289633,2.5,4500000.0,29877.355418587245,13333.333333333334,62085.83170904581,888.8888888888889,6457.142857142857,13333.333333333334,29211.666666666668,265430.0,8653468081.95168,289633,0,0,0,0,289633,2.5,4500000.0,29877.355418587245,13333.333333333334,62085.83170904581,888.8888888888889,6457.142857142857,13333.333333333334,29211.666666666668,265430.0,8653468081.95168,pnad_refined_1988.parquet,pnad_trusted_1988.parquet,0.0035734440000041445,0.04739923599999685,0.009271081999997932,0.060243761999998924
1989,6.948705265311091,0.8733592342224066,1.2948424006581398,scaled_mad,1.4826,6.0,2465140.2579167406,300586,187018,0,0,187018,113568,0,187018,113568,0.6221780122826746,0.0,0.6221780122826746,625002.0,625002.0,300586,187018,0,0,50,113518,0.0,625002.0,2958.627834103776,1040.8,8534.331979992949,46.23076923076923,498.4,1040.8,2567.625,30002.0,336005445.8634976,113568,0,0,0,50,113518,0.0,625002.0,2958.627834103776,1040.8,8534.331979992949,46.23076923076923,498.4,1040.8,2567.625,30002.0,336005445.8634976,113568,0,0,0,50,113518,0.0,625002.0,2958.627834103776,1040.8,8534.331979992949,46.23076923076923,498.4,1040.8,2567.625,30002.0,336005445.8634976,pnad_refined_1989.parquet,pnad_trusted_1989.parquet,0.004671549999997637,0.036973453000001655,0.004311119999997004,0.045956122999996296
1990,10.357822186743848,0.8674478720857177,1.286078215154285,scaled_mad,1.4826,6.0,70723711.99477115,305794,190009,0,0,190009,115785,0,190009,115785,0.6213627474705193,0.0,0.6213627474705193,25000004.0,25000004.0,305794,190009,0,0,196,115589,0.0,25000004.0,80747.4011213423,31501.5,211427.28391755544,1500.2,14000.6,31501.5,76251.25,750003.5,9349337838.834618,115785,0,0,0,196,115589,0.0,25000004.0,80747.4011213423,31501.5,211427.28391755544,1500.2,14000.6,31501.5,76251.25,750003.5,9349337838.834618,115785,0,0,0,196,115589,0.0,25000004.0,80747.4011213423,31501.5,211427.28391755544,1500.2,14000.6,31501.5,76251.25,750003.5,9349337838.834618,pnad_refined_1990.parquet,pnad_trusted_1990.parquet,0.004678981000004967,0.03696000200000071,0.006227561999999409,0.04786654500000509
1992,12.936036208848487,0.6948674159324888,1.0302104308615079,scaled_mad,1.4826,6.0,200695378.98954552,76440,0,0,0,0,76440,0,0,76440,0.0,0.0,0.0,125500000.0,125500000.0,76440,0,0,0,1118,75322,0.0,125500000.0,790108.087158418,415000.0,1583958.8649833836,0.0,202836.16964285716,415000.0,816152.5,6129358.365000002,60395862182.38947,76440,0,0,0,1118,75322,0.0,125500000.0,790108.087158418,415000.0,1583958.8649833836,0.0,202836.16964285716,415000.0,816152.5,6129358.365000002,60395862182.38947,76440,0,0,0,1118,75322,0.0,125500000.0,790108.087158418,415000.0,1583958.8649833836,0.0,202836.16964285716,415000.0,816152.5,6129358.365000002,60395862182.38947,pnad_refined_1992.parquet,pnad_trusted_1992.parquet,0.0029730550000053313,0.020864212999995857,0.004275677000002531,0.02811294500000372
1993,9.067354906294602,0.6930894932444076,1.0275744826841586,scaled_mad,1.4826,6.0,4125928.1563061425,77843,0,0,0,0,77843,0,0,77843,0.0,0.0,0.0,4017500.0,4017500.0,77843,0,0,0,1025,76818,0.0,4017500.0,17499.86112474671,8666.666666666666,38989.91766117366,0.0,4275.0,8666.666666666666,17142.85714285714,152452.25000000015,1362241689.533658,77843,0,0,0,1025,76818,0.0,4017500.0,17499.86112474671,8666.666666666666,38989.91766117366,0.0,4275.0,8666.666666666666,17142.85714285714,152452.25000000015,1362241689.533658,77843,0,0,0,1025,76818,0.0,4017500.0,17499.86112474671,8666.666666666666,38989.91766117366,0.0,4275.0,8666.666666666666,17142.85714285714,152452.25000000015,1362241689.533658,pnad_refined_1993.parquet,pnad_trusted_1993.parquet,0.002227498000003436,0.020943642999995404,0.004149768000004883,0.027320909000003724
1995,4.77912349311153,0.7015860492058099,1.0401714765525336,scaled_mad,1.4826,6.0,61091.98656656969,83455,0,0,0,0,83455,0,0,83455,0.0,0.0,0.0,23000.0,23000.0,83455,0,0,0,1209,82246,0.0,23000.0,251.17817743922058,118.0,486.0617795082694,0.0,60.0,118.0,250.0,2166.6666666666665,20962074.798190154,83455,0,0,0,1209,82246,0.0,23000.0,251.17817743922058,118.0,486.0617795082694,0.0,60.0,118.0,250.0,2166.6666666666665,20962074.798190154,83455,0,0,0,1209,82246,0.0,23000.0,251.17817743922058,118.0,486.0617795082694,0.0,60.0,118.0,250.0,2166.6666666666665,20962074.798190154,pnad_refined_1995.parquet,pnad_trusted_1995.parquet,0.0018293910000011238,0.022040896999996562,0.003495747999998855,0.02736603599999654
1996,4.890349128221754,0.7288432781338283,1.0805830441612139,scaled_mad,1.4826,6.0,87015.0090858066,82551,0,0,0,0,82551,0,0,82551,0.0,0.0,0.0,30000.0,30000.0,82551,0,0,0,1677,80874,0.0,30000.0,283.7468729715608,132.0,541.8219154288261,0.0,66.66666666666667,132.0,288.5,2430.75,23423588.110675313,82551,0,0,0,1677,80874,0.0,30000.0,283.7468729715608,132.0,541.8219154288261,0.0,66.66666666666667,132.0,288.5,2430.75,23423588.110675313,82551,0,0,0,1677,80874,0.0,30000.0,283.7468729715608,132.0,541.8219154288261,0.0,66.66666666666667,132.0,288.5,2430.75,23423588.110675313,pnad_refined_1996.parquet,pnad_trusted_1996.parquet,0.00216606600000091,0.020586377000000766,0.0034865949999982604,0.026239037999999937
1997,4.936869143856646,0.7222754534829683,1.0708455873338487,scaled_mad,1.4826,6.0,85985.24906513943,87988,0,0,0,0,87988,0,0,87988,0.0,0.0,0.0,53820.0,53820.0,87988,0,0,0,1514,86474,0.0,53820.0,296.8638742859821,138.33333333333334,602.6969891096128,0.0,70.0,138.33333333333334,300.0,2500.0,26120458.570674993,87988,0,0,0,1514,86474,0.0,53820.0,296.8638742859821,138.33333333333334,602.6969891096128,0.0,70.0,138.33333333333334,300.0,2500.0,26120458.570674993,87988,0,0,0,1514,86474,0.0,53820.0,296.8638742859821,138.33333333333334,602.6969891096128,0.0,70.0,138.33333333333334,300.0,2500.0,26120458.570674993,pnad_refined_1997.parquet,pnad_trusted_1997.parquet,0.0017986650000025861,0.022452323999999635,0.003235308000000714,0.027486297000002935
1998,4.981320906427481,0.7186410293861654,1.0654571901679286,scaled_mad,1.4826,6.0,87033.8635160188,88562,0,0,0,0,88562,0,0,88562,0.0,0.0,0.0,40500.0,40500.0,88562,0,0,0,1432,87130,0.0,40500.0,312.3489798541759,144.66666666666666,625.4432112744173,0.0,75.0,144.66666666666666,306.6666666666667,2767.9874999999993,27662250.35384553,88562,0,0,0,1432,87130,0.0,40500.0,312.3489798541759,144.66666666666666,625.4432112744173,0.0,75.0,144.66666666666666,306.6666666666667,2767.9874999999993,27662250.35384553,88562,0,0,0,1432,87130,0.0,40500.0,312.3489798541759,144.66666666666666,625.4432112744173,0.0,75.0,144.66666666666666,306.6666666666667,2767.9874999999993,27662250.35384553,pnad_refined_1998.parquet,pnad_trusted_1998.parquet,0.0017497520000020472,0.023013233999996885,0.0033809960000041883,0.02814398200000312
1999,5.000584958242754,0.706525306506121,1.047494419425975,scaled_mad,1.4826,6.0,79661.2797475169,91737,0,0,0,0,91737,0,0,91737,0.0,0.0,0.0,28445.0,28445.0,91737,0,0,0,1365,90372,0.0,28445.0,312.3955307807227,147.5,586.008998362155,0.0,75.0,147.5,308.5,2666.6666666666665,28658228.807231158,91737,0,0,0,1365,90372,0.0,28445.0,312.3955307807227,147.5,586.008998362155,0.0,75.0,147.5,308.5,2666.6666666666665,28658228.807231158,91737,0,0,0,1365,90372,0.0,28445.0,312.3955307807227,147.5,586.008998362155,0.0,75.0,147.5,308.5,2666.6666666666665,28658228.807231158,pnad_refined_1999.parquet,pnad_trusted_1999.parquet,0.0018783939999948984,0.02420962700000473,0.0035304499999995187,0.029618470999999147
2001,5.198497031265826,0.6876375247489763,1.0194913941928323,scaled_mad,1.4826,6.0,82078.65001312198,101423,0,0,0,0,101423,0,0,101423,0.0,0.0,0.0,40000.0,40000.0,101423,0,0,0,1885,99538,0.0,40000.0,360.8100437669634,180.0,696.2172897722613,0.0,90.0,180.0,360.0,3150.0,36594437.06897673,101423,0,0,0,1885,99538,0.0,40000.0,360.8100437669634,180.0,696.2172897722613,0.0,90.0,180.0,360.0,3150.0,36594437.06897673,101423,0,0,0,1885,99538,0.0,40000.0,360.8100437669634,180.0,696.2172897722613,0.0,90.0,180.0,360.0,3150.0,36594437.06897673,pnad_refined_2001.parquet,pnad_trusted_2001.parquet,0.0017531260000041016,0.024526020999999787,0.0037658930000006308,0.03004504000000452
2002,5.303304908059076,0.688184391217816,1.020302178419534,scaled_mad,1.4826,6.0,91592.7190122804,103915,0,0,0,0,103915,1,1,103914,0.0,9.623249771447819e-06,9.623249771447819e-06,154000.0,38000.0,103915,0,0,0,1415,102500,0.0,154000.0,395.4087221552092,200.0,872.0366451525754,0.0,100.0,200.0,400.0,3358.600000000006,41088897.36275856,103915,0,0,0,1415,102500,0.0,154000.0,395.4087221552092,200.0,872.0366451525754,0.0,100.0,200.0,400.0,3358.600000000006,41088897.36275856,103914,0,0,0,1415,102499,0.0,38000.0,393.93053258231384,200.0,730.338382740047,0.0,100.0,200.0,400.0,3350.0,40934897.36275856,pnad_refined_2002.parquet,pnad_trusted_2002.parquet,0.001793206999998631,0.026657083999999998,0.003929777999999828,0.03238006899999846
2003,5.4510384535657,0.6648536719173341,0.9857120539846396,scaled_mad,1.4826,6.0,86275.34844628305,105676,0,0,0,0,105676,0,0,105676,0.0,0.0,0.0,38000.0,38000.0,105676,0,0,0,1663,104013,0.0,38000.0,429.6820416424124,232.0,775.8540375791118,0.0,114.125,232.0,440.0,3600.0,45407079.432603575,105676,0,0,0,1663,104013,0.0,38000.0,429.6820416424124,232.0,775.8540375791118,0.0,114.125,232.0,440.0,3600.0,45407079.432603575,105676,0,0,0,1663,104013,0.0,38000.0,429.6820416424124,232.0,775.8540375791118,0.0,114.125,232.0,440.0,3600.0,45407079.432603575,pnad_refined_2003.parquet,pnad_trusted_2003.parquet,0.0020085199999968495,0.027397333000003243,0.0037695790000000784,0.03317543200000017
2004,5.564520407322694,0.6796464933410427,1.0076438910274297,scaled_mad,1.4826,6.0,110235.54593062724,110351,0,0,0,0,110351,0,0,110351,0.0,0.0,0.0,61250.0,61250.0,110351,0,0,0,1337,109014,0.0,61250.0,475.56951908002645,260.0,891.0074390093745,0.0,130.0,260.0,493.0,4000.0,52479572.0,110351,0,0,0,1337,109014,0.0,61250.0,475.56951908002645,260.0,891.0074390093745,0.0,130.0,260.0,493.0,4000.0,52479572.0,110351,0,0,0,1337,109014,0.0,61250.0,475.56951908002645,260.0,891.0074390093745,0.0,130.0,260.0,493.0,4000.0,52479572.0,pnad_refined_2004.parquet,pnad_trusted_2004.parquet,0.0017015990000004422,0.027797472999999684,0.0030593549999977654,0.03255842699999789
2005,5.69035945432406,0.6730796175091358,0.9979078409190447,scaled_mad,1.4826,6.0,117924.28203989312,114576,0,0,0,0,114576,0,0,114576,0.0,0.0,0.0,64533.0,64533.0,114576,0,0,0,1253,113323,0.0,64533.0,528.1295733836056,295.0,969.5543630883552,0.0,150.0,295.0,537.0,4302.75,60510974.0,114576,0,0,0,1253,113323,0.0,64533.0,528.1295733836056,295.0,969.5543630883552,0.0,150.0,295.0,537.0,4302.75,60510974.0,114576,0,0,0,1253,113323,0.0,64533.0,528.1295733836056,295.0,969.5543630883552,0.0,150.0,295.0,537.0,4302.75,60510974.0,pnad_refined_2005.parquet,pnad_trusted_2005.parquet,0.002222940999999423,0.028905783000006124,0.002955107999994766,0.034083832000000314
2006,5.802118375377063,0.6316343803389115,0.9364611322904701,scaled_mad,1.4826,6.0,91205.83962329944,116334,0,0,0,0,116334,1,1,116333,0.0,8.595939278284938e-06,8.595939278284938e-06,100000.0,79400.0,116334,0,0,0,1106,115228,0.0,100000.0,587.8893014939742,330.0,1097.557688482805,6.0,170.0,330.0,600.0,4850.0,68391514.0,116334,0,0,0,1106,115228,0.0,100000.0,587.8893014939742,330.0,1097.557688482805,6.0,170.0,330.0,600.0,4850.0,68391514.0,116333,0,0,0,1106,115227,0.0,79400.0,587.0347536812426,330.0,1058.1537565041779,6.0,170.0,330.0,600.0,4850.0,68291514.0,pnad_refined_2006.parquet,pnad_trusted_2006.parquet,0.0017732969999997295,0.0304013249999997,0.0031158990000008657,0.0352905210000003
2007,5.902633333401366,0.6498745536332242,0.9635040132166182,scaled_mad,1.4826,6.0,118616.27501061746,115112,0,0,0,0,115112,0,0,115112,0.0,0.0,0.0,60000.0,60000.0,115112,0,0,0,1891,113221,0.0,60000.0,628.2308708040864,365.0,1120.6388194434421,0.0,187.0,365.0,650.0,5000.0,72316912.0,115112,0,0,0,1891,113221,0.0,60000.0,628.2308708040864,365.0,1120.6388194434421,0.0,187.0,365.0,650.0,5000.0,72316912.0,115112,0,0,0,1891,113221,0.0,60000.0,628.2308708040864,365.0,1120.6388194434421,0.0,187.0,365.0,650.0,5000.0,72316912.0,pnad_refined_2007.parquet,pnad_trusted_2007.parquet,0.0018127769999978227,0.028992432999999096,0.0031104810000002203,0.03391569099999714
2008,6.030685260261263,0.6362715321679433,0.9433361735921927,scaled_mad,1.4826,6.0,119454.87099954819,114822,0,0,0,0,114822,1,1,114821,0.0,8.709132396230688e-06,8.709132396230688e-06,150000.0,85000.0,114822,0,0,0,1576,113246,0.0,150000.0,709.2156294089983,415.0,1334.3538722220633,0.0,207.0,415.0,733.0,5538.739999999962,81433557.0,114822,0,0,0,1576,113246,0.0,150000.0,709.2156294089983,415.0,1334.3538722220633,0.0,207.0,415.0,733.0,5538.739999999962,81433557.0,114821,0,0,0,1576,113245,0.0,85000.0,707.9154248787243,415.0,1259.5252391026913,0.0,207.0,415.0,733.0,5533.800000000003,81283557.0,pnad_refined_2008.parquet,pnad_trusted_2008.parquet,0.0018332770000029086,0.02724485499999929,0.0029074870000016517,0.03198561900000385
2009,6.113682179832232,0.6288852463415768,0.9323852662260218,scaled_mad,1.4826,6.0,121538.40099146667,117827,0,0,0,0,117827,0,0,117827,0.0,0.0,0.0,94669.0,94669.0,117827,0,0,0,1625,116202,0.0,94669.0,760.8806046152409,451.0,1355.6017941113585,0.0,232.0,451.0,797.0,6000.0,89652279.0,117827,0,0,0,1625,116202,0.0,94669.0,760.8806046152409,451.0,1355.6017941113585,0.0,232.0,451.0,797.0,6000.0,89652279.0,117827,0,0,0,1625,116202,0.0,94669.0,760.8806046152409,451.0,1355.6017941113585,0.0,232.0,451.0,797.0,6000.0,89652279.0,pnad_refined_2009.parquet,pnad_trusted_2009.parquet,0.001781388999994249,0.026156584000005978,0.002887947999994367,0.030825920999994594
2011,6.302618975744905,0.6061358035703153,0.8986569423733494,scaled_mad,1.4826,6.0,119916.66124805222,106449,0,0,0,0,106449,1,1,106448,0.0,9.394169978111585e-06,9.394169978111585e-06,125000.0,100000.0,106449,0,0,0,1713,104736,0.0,125000.0,900.5493053011302,545.0,1543.6355146753342,0.0,281.0,545.0,950.0,7000.0,95862573.0,106449,0,0,0,1713,104736,0.0,125000.0,900.5493053011302,545.0,1543.6355146753342,0.0,281.0,545.0,950.0,7000.0,95862573.0,106448,0,0,0,1713,104735,0.0,100000.0,899.3834830151811,545.0,1496.04557534613,0.0,281.0,545.0,950.0,7000.0,95737573.0,pnad_refined_2011.parquet,pnad_trusted_2011.parquet,0.0016039140000003727,0.028176399999999546,0.0029078279999978918,0.03268814199999781
2012,6.434546518787453,0.5968160716215136,0.884839507786056,scaled_mad,1.4826,6.0,125941.85678748607,110509,0,0,0,0,110509,7,7,110502,0.0,6.334325711028061e-05,6.334325711028061e-05,220000.0,100000.0,110509,0,0,0,1758,108751,0.0,220000.0,1025.236650408564,622.0,2184.6287651258435,0.0,325.0,622.0,1074.0,7500.0,113297877.0,110509,0,0,0,1758,108751,0.0,220000.0,1025.236650408564,622.0,2184.6287651258435,0.0,325.0,622.0,1074.0,7500.0,113297877.0,110502,0,0,0,1758,108744,0.0,100000.0,1014.2672440317822,622.0,1686.304411026255,0.0,325.0,622.0,1074.0,7500.0,112078559.0,pnad_refined_2012.parquet,pnad_trusted_2012.parquet,0.00214131900000325,0.02851280499999831,0.003006564999999739,0.0336606890000013
2013,6.520621127558696,0.5936951015882856,0.8802123576147922,scaled_mad,1.4826,6.0,133504.1420417645,111029,0,0,0,0,111029,0,0,111029,0.0,0.0,0.0,82000.0,82000.0,111029,0,0,0,2165,108864,0.0,82000.0,1109.5523601941834,678.0,1800.6698609186542,0.0,357.0,678.0,1189.0,8333.0,123192489.0,111029,0,0,0,2165,108864,0.0,82000.0,1109.5523601941834,678.0,1800.6698609186542,0.0,357.0,678.0,1189.0,8333.0,123192489.0,111029,0,0,0,2165,108864,0.0,82000.0,1109.5523601941834,678.0,1800.6698609186542,0.0,357.0,678.0,1189.0,8333.0,123192489.0,pnad_refined_2013.parquet,pnad_trusted_2013.parquet,0.0017727470000039602,0.02604960400000067,0.002861787999997034,0.030684139000001664
2014,6.586171654854675,0.5847168236578302,0.866901162755099,scaled_mad,1.4826,6.0,131606.41369898597,115021,0,0,0,0,115021,1,1,115020,0.0,8.694064562123438e-06,8.694064562123438e-06,331200.0,100000.0,115021,0,0,0,782,114239,0.0,331200.0,1225.5892923900853,724.0,2153.3321206219152,37.0,406.0,724.0,1300.0,9000.0,140968506.0,115021,0,0,0,782,114239,0.0,331200.0,1225.5892923900853,724.0,2153.3321206219152,37.0,406.0,724.0,1300.0,9000.0,140968506.0,115020,0,0,0,782,114238,0.0,100000.0,1222.7204486176317,724.0,1920.9940243225,37.0,406.0,724.0,1300.0,9000.0,140637306.0,pnad_refined_2014.parquet,pnad_trusted_2014.parquet,0.0018153299999994488,0.029571640999996873,0.0029806360000037557,0.03436760700000008
2015,6.670766320845874,0.5741752254911328,0.8512721893131534,scaled_mad,1.4826,6.0,130403.89377564061,115626,0,0,0,0,115626,1,1,115625,0.0,8.648573850172107e-06,8.648573850172107e-06,150000.0,107000.0,115626,0,0,0,685,114941,0.0,150000.0,1250.0463909501323,788.0,1957.210131714451,37.0,416.0,788.0,1333.0,9250.0,144537864.0,115626,0,0,0,685,114941,0.0,150000.0,1250.0463909501323,788.0,1957.210131714451,37.0,416.0,788.0,1333.0,9250.0,144537864.0,115625,0,0,0,685,114940,0.0,107000.0,1248.759904864865,788.0,1907.7045301829041,37.0,416.0,788.0,1333.0,9250.0,144387864.0,pnad_refined_2015.parquet,pnad_trusted_2015.parquet,0.0019434120000028088,0.0270846149999997,0.0029727439999973626,0.03200077099999987
2016,7.00397413672268,0.38256848495854534,0.5671960357995393,scaled_mad,1.4826,6.0,33094.425570245476,229889,0,0,0,0,229889,108,108,229781,0.0,0.0004697919430681764,0.0004697919430681764,165000.0,33000.0,229889,0,0,0,0,229889,6.0,165000.0,1775.7649909304055,1100.0,2525.141127494135,80.0,880.0,1100.0,2000.0,12000.0,408228838.0,229889,0,0,0,0,229889,6.0,165000.0,1775.7649909304055,1100.0,2525.141127494135,80.0,880.0,1100.0,2000.0,12000.0,408228838.0,229781,0,0,0,0,229781,6.0,33000.0,1754.1503039850988,1100.0,2277.7295117881936,80.0,880.0,1100.0,2000.0,12000.0,403070411.0,pnad_refined_2016.parquet,pnad_trusted_2016.parquet,0.002790009999998233,0.05316209100000435,0.005708953999999267,0.06166105500000185
2017,7.0909098220799835,0.4051875230959725,0.6007310217420888,scaled_mad,1.4826,6.0,44146.69306826628,228566,0,0,0,0,228566,81,81,228485,0.0,0.0003543834166061444,0.0003543834166061444,200000.0,44000.0,228566,0,0,0,0,228566,5.0,200000.0,1882.2270153916156,1200.0,2841.055090773241,80.0,930.0,1200.0,2000.0,13000.0,430213100.0,228566,0,0,0,0,228566,5.0,200000.0,1882.2270153916156,1200.0,2841.055090773241,80.0,930.0,1200.0,2000.0,13000.0,430213100.0,228485,0,0,0,0,228485,5.0,44000.0,1859.7702256165612,1200.0,2517.9690706563583,80.0,927.0,1200.0,2000.0,13000.0,424929600.0,pnad_refined_2017.parquet,pnad_trusted_2017.parquet,0.0027369609999965405,0.05465375600000044,0.00581136800000337,0.06320208500000035
2018,7.0909098220799835,0.4634250016457644,0.6870739074400103,scaled_mad,1.4826,6.0,74112.52118126671,227265,0,0,0,0,227265,30,30,227235,0.0,0.0001320044881525972,0.0001320044881525972,265000.0,70000.0,227265,0,0,0,0,227265,5.0,265000.0,1974.5220689503444,1200.0,3095.09728403423,80.0,950.0,1200.0,2000.0,15000.0,448739758.0,227265,0,0,0,0,227265,5.0,265000.0,1974.5220689503444,1200.0,3095.09728403423,80.0,950.0,1200.0,2000.0,15000.0,448739758.0,227235,0,0,0,0,227235,5.0,70000.0,1960.353457874007,1200.0,2800.865482175397,80.0,950.0,1200.0,2000.0,15000.0,445460918.0,pnad_refined_2018.parquet,pnad_trusted_2018.parquet,0.0030728239999930906,0.05216198200000122,0.005678970000005279,0.060913775999999586
2019,7.0909098220799835,0.5104925125037498,0.7568561990380595,scaled_mad,1.4826,6.0,112649.68383803726,225221,0,0,0,0,225221,6,6,225215,0.0,2.6640499775775793e-05,2.6640499775775793e-05,260000.0,110000.0,225221,0,0,0,0,225221,4.0,260000.0,2052.5358869732395,1200.0,3253.447200246764,80.0,998.0,1200.0,2000.0,15000.0,462274185.0,225221,0,0,0,0,225221,4.0,260000.0,2052.5358869732395,1200.0,3253.447200246764,80.0,998.0,1200.0,2000.0,15000.0,462274185.0,225215,0,0,0,0,225215,4.0,110000.0,2047.0181160224674,1200.0,3063.709766528092,80.0,998.0,1200.0,2000.0,15000.0,461019185.0,pnad_refined_2019.parquet,pnad_trusted_2019.parquet,0.0028817779999954496,0.0563041790000014,0.00529466300000081,0.06448061999999766
2020,7.244941546337007,0.3564607882467268,0.528488764654597,scaled_mad,1.4826,6.0,33384.40589638336,132967,0,0,0,0,132967,194,194,132773,0.0,0.001459008626200486,0.001459008626200486,320000.0,33000.0,132967,0,0,0,0,132967,10.0,320000.0,2272.29911933036,1400.0,3595.1209998253576,100.0,1000.0,1400.0,2400.0,16000.0,302140797.0,132967,0,0,0,0,132967,10.0,320000.0,2272.29911933036,1400.0,3595.1209998253576,100.0,1000.0,1400.0,2400.0,16000.0,302140797.0,132773,0,0,0,0,132773,10.0,33000.0,2201.099462993229,1400.0,2846.944757628918,100.0,1000.0,1400.0,2400.0,15000.0,292246579.0,pnad_refined_2020.parquet,pnad_trusted_2020.parquet,0.002414678000000947,0.033153357999999855,0.0036161390000017946,0.0391841750000026
2021,7.244941546337007,0.3564607882467268,0.528488764654597,scaled_mad,1.4826,6.0,33384.40589638336,172588,0,0,0,0,172588,238,238,172350,0.0,0.0013790066516791435,0.0013790066516791435,300000.0,33000.0,172588,0,0,0,0,172588,2.0,300000.0,2203.4229262752915,1400.0,3478.5929886440817,100.0,1000.0,1400.0,2225.0,15000.0,380284356.0,172588,0,0,0,0,172588,2.0,300000.0,2203.4229262752915,1400.0,3478.5929886440817,100.0,1000.0,1400.0,2225.0,15000.0,380284356.0,172350,0,0,0,0,172350,2.0,33000.0,2133.502088772846,1400.0,2687.2486020594847,100.0,1000.0,1400.0,2200.0,15000.0,367709085.0,pnad_refined_2021.parquet,pnad_trusted_2021.parquet,0.002508298999998715,0.041684441000001016,0.004623608999999362,0.04881634899999909
2022,7.313886831633462,0.42547237105563607,0.630805337327086,scaled_mad,1.4826,6.0,66085.43963802379,205341,0,0,0,0,205341,69,69,205272,0.0,0.0003360264145981562,0.0003360264145981562,900000.0,65000.0,205341,0,0,0,0,205341,4.0,900000.0,2519.5400090581034,1500.0,4441.470078294713,100.0,1200.0,1500.0,2500.0,18000.0,517364865.0,205341,0,0,0,0,205341,4.0,900000.0,2519.5400090581034,1500.0,4441.470078294713,100.0,1200.0,1500.0,2500.0,18000.0,517364865.0,205272,0,0,0,0,205272,4.0,65000.0,2481.772146225496,1500.0,3432.996084417629,100.0,1200.0,1500.0,2500.0,18000.0,509438332.0,pnad_refined_2022.parquet,pnad_trusted_2022.parquet,0.003666324000000998,0.05058323599999426,0.005435004000005961,0.05968456400000122
2023,7.3783837129967145,0.44606221788090483,0.6613318442302295,scaled_mad,1.4826,6.0,84656.99055975479,201858,0,0,0,0,201858,37,37,201821,0.0,0.00018329716929722873,0.00018329716929722873,300000.0,83000.0,201858,0,0,0,0,201858,8.0,300000.0,2734.9364850538495,1600.0,4167.409914080789,100.0,1320.0,1600.0,3000.0,20000.0,552068809.0,201858,0,0,0,0,201858,8.0,300000.0,2734.9364850538495,1600.0,4167.409914080789,100.0,1320.0,1600.0,3000.0,20000.0,552068809.0,201821,0,0,0,0,201821,8.0,83000.0,2711.4314565877685,1600.0,3739.2201255667655,100.0,1320.0,1600.0,3000.0,20000.0,547223808.0,pnad_refined_2023.parquet,pnad_trusted_2023.parquet,0.0033770710000027293,0.05088739199999992,0.005275134000001458,0.05953959700000411
2024,7.496097345175956,0.4416344300841528,0.654767206042765,scaled_mad,1.4826,6.0,91554.49603321681,208303,0,0,0,0,208303,37,37,208266,0.0,0.0001776258623255546,0.0001776258623255546,300000.0,90000.0,208303,0,0,0,0,208303,8.0,300000.0,2971.103992741343,1800.0,4422.605710128643,130.0,1412.0,1800.0,3000.0,20000.0,618889875.0,208303,0,0,0,0,208303,8.0,300000.0,2971.103992741343,1800.0,4422.605710128643,130.0,1412.0,1800.0,3000.0,20000.0,618889875.0,208266,0,0,0,0,208266,8.0,90000.0,2950.766687793495,1800.0,4112.672350864595,130.0,1412.0,1800.0,3000.0,20000.0,614544375.0,pnad_refined_2024.parquet,pnad_trusted_2024.parquet,0.0026822089999996024,0.04869423600000289,0.005149996999996631,0.05652644199999912
2025,7.601402334583733,0.4052985108566336,0.600895572196045,scaled_mad,1.4826,6.0,73626.63926840466,215405,0,0,0,0,215405,74,74,215331,0.0,0.00034353891506696686,0.00034353891506696686,400000.0,72000.0,215405,0,0,0,0,215405,10.0,400000.0,3258.793672384578,2000.0,4876.859643586298,150.0,1518.0,2000.0,3408.0,22000.0,701960451.0,215405,0,0,0,0,215405,10.0,400000.0,3258.793672384578,2000.0,4876.859643586298,150.0,1518.0,2000.0,3408.0,22000.0,701960451.0,215331,0,0,0,0,215331,10.0,72000.0,3220.3150034133496,2000.0,4283.688146684514,150.0,1518.0,2000.0,3400.0,21000.0,693433650.0,pnad_refined_2025.parquet,pnad_trusted_2025.parquet,0.002866094999994573,0.05131354000000243,0.005521424000001218,0.059701058999998224
