year,pareto_x_pmin,transition_x_t,transition_delta_x_t,pareto_alpha_ls,pareto_alpha_ls_bootstrap_se,pareto_beta_ls,pareto_beta_ls_bootstrap_se,pareto_alpha_mle,pareto_alpha_mle_bootstrap_se,pareto_beta_mle_continuity,pareto_beta_mle_bootstrap_se,ls_correlation_coefficient,pareto_mle_r2_diagnostic,pareto_population_pct
1978,8.993868302665566,8.993868302665566,0.0,2.3329578393575185,0.0701482546618698,164.71250930912157,36.69200536102239,2.5848912011630003,0.05790064978695206,365.847366437748,47.30652547039432,0.9913669657839621,0.9680783241506854,1.092283084911565
1979,6.935027877303481,6.935027877303481,0.0,0.9539471829935032,0.35751684923586835,6.392110916618058,9.848939002753827,0.9131417615095891,0.022273925344968377,6.675670163700872,0.2884726940955675,0.5945161723222119,0.24917523934344188,1.0200092197629704
1981,7.371242712382564,7.371242712382564,0.0,3.2614364447545965,0.1395434029244651,1210.2487513530125,593.2300998245366,2.5583351172475197,0.03163041754130094,242.58945860896756,15.439834504632318,0.9895248996249102,0.86102276715057,1.2030970059170094
1982,7.849559609203476,7.849559609203476,0.0,2.875419105934236,0.04073041291355104,455.2882006757643,57.25771443013916,2.8848761334133064,0.057019486097387384,540.2255580142732,65.01406690233031,0.9981522046183894,0.9911996051821904,1.237641712393338
1983,7.96710960176985,7.96710960176985,0.0,2.776827850093007,0.05738717323995826,385.84190169478046,81.55425032268484,2.485291809431156,0.030819973751122123,216.7021552667113,14.00524785267193,0.9973648179074923,0.9399709981479751,1.035626678191415
1984,7.82329475179977,7.82329475179977,0.0,3.3576735676892517,0.06580937225679571,1523.663129205975,427.0114263618144,2.664553489915974,0.03282057235189388,322.8868391535413,21.85972221780932,0.9976700629009051,0.8581265877412401,1.1121682424530732
1985,7.72788415290446,7.72788415290446,0.0,2.845655510465797,0.0833953266551737,532.3840611677135,265.3507906146869,2.4328090674592624,0.030741957108133953,202.44968790397985,12.798975907178361,0.9942036428633584,0.89754335222743,1.1734226480490608
1986,7.218092203968127,7.218092203968127,0.0,2.1326803653865243,0.050763592199330757,67.86447408669837,10.420907706287817,2.3455771802487635,0.040879227648969695,152.49885512766778,12.420722735767734,0.9876669601391607,0.9678253565344417,1.2504311224669356
1987,7.763947684149914,7.763947684149914,0.0,2.665443345041113,0.05466297318599751,325.8939709105412,63.952152788547664,2.384758946219901,0.03891031089387929,184.1856668358659,14.839448458769876,0.9944809297677586,0.9406163499862648,1.182099345556448
1988,8.533216400084266,8.533216400084266,0.0,2.586288054895858,0.05166733952635177,315.46709804286985,66.43606890690387,2.3587623013401595,0.03990832053281877,202.3397087829721,17.340328852631743,0.9974169195560123,0.9453709062932305,1.084130606664296
1989,9.73777265679984,9.73777265679984,0.0,2.128381836883672,0.05397060364036749,158.99037859968124,33.54045685527388,1.9303418859929515,0.055902674789727456,97.77107512752823,12.726117364608225,0.9945440861979057,0.9574450866931319,1.057101076481263
1990,8.665971226618906,8.665971226618906,0.0,2.1249824940992976,0.032671963072340264,117.3916280711946,15.665972138630398,2.0432345604047604,0.05037397001628235,111.75940628859917,12.285107991408212,0.998684229181019,0.9676628086066622,1.1809082179100088
1992,7.465068963129983,7.465068963129983,0.0,2.2158432186449795,0.04055994103283167,87.83843088367628,11.526661406523026,2.385813881756108,0.08312153956087959,163.14043780267122,28.362082331481425,0.9974753755018695,0.989193181617244,1.1377817901808236
1993,8.09189309790807,8.09189309790807,0.0,2.2247184517105785,0.043055379722900904,113.98906162573168,17.089113281117314,2.30854639052865,0.0735578652693557,168.3175764737683,26.805993950789457,0.9971126771976941,0.9872172351600436,1.1846181884454163
1995,8.407876016545897,8.407876016545897,0.0,2.81498264520965,0.08015579411797914,528.5096506593684,185.54255331080986,2.354246696428253,0.07156905793664985,184.4174836171724,29.48005582667518,0.9934957227965876,0.8886083577759668,1.0395642341268876
1996,8.124437179052151,8.124437179052151,0.0,2.768367752430817,0.08191533875213708,435.2511089992099,220.51206949284486,2.448438958003312,0.07350444727068647,218.01507754449267,34.54934506146267,0.9945216326257578,0.8974423285889991,1.0868758810000745
1997,7.79009107647884,7.79009107647884,0.0,2.4693767411230025,0.05717166674014221,194.4096133009451,37.56852413044017,2.32206788077656,0.0700804082484006,163.53083778743155,24.610601964478644,0.9935163662433412,0.9507265725032319,1.1957351342600089
1998,8.15287296793561,8.15287296793561,0.0,2.5695625585912154,0.03404650437798459,261.69581960134343,27.237121880887344,2.400075202667349,0.06923647575947679,206.8459983125097,30.186461787612448,0.9973953254861851,0.9635706086868813,1.156892000459084
1999,8.176655455951684,8.176655455951684,0.0,2.983033542269379,0.06962071885478582,764.9941340401873,267.77123805112575,2.3343081813087214,0.064402963879131,172.3433061307901,24.11323635624832,0.9975638374353964,0.8261443756666781,1.0711282255565884
2001,8.53395522561751,8.53395522561751,0.0,2.858934010126409,0.06776510889159293,588.1840898676451,195.3572962151999,2.3326399775766484,0.06387078337548387,177.21517379211215,25.16882759721859,0.9989893351982453,0.8594794439097584,1.021720348007796
2002,8.35044854642999,8.35044854642999,0.0,2.790846067875424,0.09309004839407925,412.93008538450175,136.40766802736982,2.482966664869789,0.0687242862205901,231.24264233296407,34.56519730899736,0.9912806167969898,0.9139900572724251,1.0214733802280995
2003,7.988967241340482,7.988967241340482,0.0,2.9531524685684154,0.050463883459973755,610.5721669447092,103.69815458836388,2.5377393456340256,0.0686557055145873,254.1671168582325,37.594652690592696,0.995402544570738,0.9178725684889868,1.11236095488064
2004,8.29192947397243,8.29192947397243,0.0,2.645936218717713,0.03694290829222707,278.0960524090911,32.81716718698773,2.573640001430336,0.0759441755513801,275.54820529584543,46.12137050765964,0.9974566351137388,0.9809134341277165,1.0338121709138277
2005,7.475625354864691,7.475625354864691,0.0,2.719164043091664,0.04069839311357641,330.70483797948054,48.00489657288671,2.486302246959424,0.06037833057922299,213.22351322888653,26.123791662486596,0.9976615036758985,0.955569724324915,1.2662919266168386
2006,7.4087306824125,7.4087306824125,0.0,2.720648125644068,0.047543045086638216,310.1919454161237,50.55618417641872,2.4188490341666817,0.0570254255062217,180.0208847151639,21.26040494528347,0.9974264882956805,0.9282867233019676,1.2123894573320488
2007,7.561989889673862,7.561989889673862,0.0,2.7680763424074595,0.0702651593573493,363.8105866549157,101.09008277373637,2.4983016736591765,0.06641157557686604,210.33031824394453,29.342503892195836,0.9976797571852898,0.947893189334215,1.15614594465691
2008,7.59694880336684,7.59694880336684,0.0,2.7322200933508114,0.044199103521772753,325.0216973043529,64.7296755086224,2.4188974356433475,0.06567314358095337,170.80392931913354,23.333156184179398,0.9986778568108889,0.9332867745936496,1.0631815974215195
2009,7.5750694401889955,7.5750694401889955,0.0,2.5231159110849246,0.036396629111988744,168.59579493967658,18.223275427024408,2.4524042691549486,0.06160631729078655,177.44085298608923,22.579854287651735,0.9963028277644338,0.9738709265498646,1.047314159825132
2011,7.032932641135984,7.032932641135984,0.0,2.7881884708841604,0.03225624702742026,299.371685869108,32.91593593290546,2.4629753157158816,0.06302027906123188,169.87949723519748,21.093561028484867,0.9985687566523563,0.9282304817252932,1.183940421062682
2012,6.86123801280913,6.86123801280913,0.0,2.6797899471949647,0.05970017679008477,230.2564072084456,44.27149067694816,2.327834824759444,0.061333569908360794,119.00825868297372,14.443394938787693,0.9977541310621635,0.9173466395142921,1.1117854778194658
2013,6.874046452162832,6.874046452162832,0.0,2.6710596130596254,0.0484806127817429,208.41955765171485,27.014575113450682,2.6118322718975944,0.06849044725557954,217.56664616018983,29.322152932038097,0.9973209850508902,0.9792364996444005,1.2217078189300412
2014,6.950485514934318,6.950485514934318,0.0,2.881560676475032,0.05101942472127248,337.44272770853263,48.18864969020127,2.5383048163972117,0.06510651849914732,183.6981537233445,23.51588369469317,0.9974919771044984,0.9310897349162924,1.1213431607696214
2015,6.738138721209536,6.738138721209536,0.0,3.2341064206605967,0.07851465093870955,784.8029437711704,251.3207896771077,2.558701170688906,0.0587793898314854,188.87413042162908,21.899245494313554,0.9933704976588175,0.8444734155467153,1.2162867583086827
2016,7.707116879067058,6.748793931294257,0.958322947772802,4.838803266845441,1.0435708199551847,26029.992243291435,13092325.77207152,2.90420739587031,0.045825143875001154,340.24877847692693,30.01006262068893,0.9121279164630871,0.6420270132871475,1.0353336437738545
2017,6.057845762362985,6.057845762362985,0.0,4.09221210315701,0.8009048908253328,4160.269169869235,1196136.8469468732,2.3931686724516776,0.03227984535140436,110.89238888050788,6.464067658072652,0.9041724790669091,0.5832728078485384,1.250847976891262
2018,10.181206123245316,8.567553448633557,1.6136526746117594,4.261491938196324,0.18617676496455096,13058.96159615263,10292.76361573985,2.815430948379529,0.057432590835870524,471.7951081836845,59.628251668627506,0.9910447822177304,0.6042317123999033,0.6592294320857263
2019,7.091028465546687,7.091028465546687,0.0,3.287913656581018,0.2113822519689718,937.9976830523672,742.7975792446629,2.7749619454843275,0.052909357781806714,296.92836014299746,31.244284854031427,0.9800289979214555,0.9094848801864202,1.1504562307128745
2020,6.356300258380844,6.356300258380844,0.0,4.646269439040444,1.2264477250610655,11264.760035057438,8074400297.757066,3.35620617819648,0.06142349675885247,756.0130313229695,87.21513975507882,0.8792575154384779,0.6864653138781446,1.4076657151679934
2021,6.629131636273755,6.629131636273755,0.0,4.596819544552228,0.8253645777602202,9454.967879545766,711217.1608460568,3.397732288387325,0.05704321981986035,838.4137104696133,92.26763894618587,0.9452489545529313,0.7688504366864164,1.1697127937336815
2022,15.170359076813332,10.802036115572635,4.368322961240697,7.250195396027691,1.1463928453782108,59287115.55827708,160614810446.90326,3.5424505934579376,0.10020494967319117,4876.702651494256,1216.5574170320913,0.9732693389088344,-0.20150947313789547,0.3541642308741572
2023,6.648120071247216,6.648120071247216,0.0,4.079382652441952,0.49971276043116364,4704.069289057768,32003.526524471155,2.692607403758436,0.0490203757557703,218.54903070624948,20.571298492065115,0.951863553680707,0.7068121845928654,1.1133628314199215
2024,6.719783763051317,6.719783763051317,0.0,3.7069191073436967,0.3199333846011244,2060.3746075644617,2832.192818318519,3.1314292017300303,0.06421438955617488,537.4742716444256,66.51236784828528,0.97280854934198,0.9139572736246411,1.2733715536861514
2025,14.998596569298943,10.390602413726471,4.607994155572472,11.31112633368092,4.325020528442798,3555951223978.252,1.8900785918838566e+36,3.764098176198755,0.10148534750859109,7370.685359533604,1857.2553484672349,0.9131597117327315,-0.1839490300392861,0.3315825403680845
