table_name,table_description,column_name,description,unit,source
table_01_gompertz_annual.csv,Annual Gompertz estimates and free-A/B diagnostics.,year,Year.,year,Stage 03 / Stage 05 consolidation
table_01_gompertz_annual.csv,Annual Gompertz estimates and free-A/B diagnostics.,gompertz_A,Gompertz a.,dimensionless,Stage 03 / Stage 05 consolidation
table_01_gompertz_annual.csv,Annual Gompertz estimates and free-A/B diagnostics.,gompertz_B,Gompertz b.,dimensionless,Stage 03 / Stage 05 consolidation
table_01_gompertz_annual.csv,Annual Gompertz estimates and free-A/B diagnostics.,gompertz_B_bootstrap_se,Gompertz b bootstrap se.,dimensionless,Stage 03 / Stage 05 consolidation
table_01_gompertz_annual.csv,Annual Gompertz estimates and free-A/B diagnostics.,gompertz_boundary_A_free,Gompertz boundary a free.,dimensionless,Stage 03 / Stage 05 consolidation
table_01_gompertz_annual.csv,Annual Gompertz estimates and free-A/B diagnostics.,gompertz_A_free_bootstrap_se,Gompertz a free bootstrap se.,dimensionless,Stage 03 / Stage 05 consolidation
table_01_gompertz_annual.csv,Annual Gompertz estimates and free-A/B diagnostics.,gompertz_boundary_B_free,Gompertz boundary b free.,dimensionless,Stage 03 / Stage 05 consolidation
table_01_gompertz_annual.csv,Annual Gompertz estimates and free-A/B diagnostics.,gompertz_B_free_bootstrap_se,Gompertz b free bootstrap se.,dimensionless,Stage 03 / Stage 05 consolidation
table_01_gompertz_annual.csv,Annual Gompertz estimates and free-A/B diagnostics.,gompertz_x_gmax,Gompertz x gmax.,normalized income,Stage 03 / Stage 05 consolidation
table_01_gompertz_annual.csv,Annual Gompertz estimates and free-A/B diagnostics.,transition_x_t,Transition x t.,normalized income,Stage 03 / Stage 05 consolidation
table_01_gompertz_annual.csv,Annual Gompertz estimates and free-A/B diagnostics.,gompertz_r2,Gompertz r2.,dimensionless,Stage 03 / Stage 05 consolidation
table_01_gompertz_annual.csv,Annual Gompertz estimates and free-A/B diagnostics.,gompertz_population_pct,Gompertz population pct.,%,Stage 03 / Stage 05 consolidation
table_01_gompertz_annual.csv,Annual Gompertz estimates and free-A/B diagnostics.,gompertz_income_share_pct,Gompertz income share pct.,%,Stage 03 / Stage 05 consolidation
table_01_gompertz_annual.csv,Annual Gompertz estimates and free-A/B diagnostics.,bootstrap_reps,Bootstrap reps.,count,Stage 03 / Stage 05 consolidation
table_02_pareto_annual.csv,Annual Pareto LS/MLE estimates and uncertainties.,year,Year.,year,Stage 03 / Stage 05 consolidation
table_02_pareto_annual.csv,Annual Pareto LS/MLE estimates and uncertainties.,pareto_x_pmin,Pareto x pmin.,normalized income,Stage 03 / Stage 05 consolidation
table_02_pareto_annual.csv,Annual Pareto LS/MLE estimates and uncertainties.,transition_x_t,Transition x t.,normalized income,Stage 03 / Stage 05 consolidation
table_02_pareto_annual.csv,Annual Pareto LS/MLE estimates and uncertainties.,transition_delta_x_t,Transition delta x t.,normalized income,Stage 03 / Stage 05 consolidation
table_02_pareto_annual.csv,Annual Pareto LS/MLE estimates and uncertainties.,pareto_selection_status,Pareto selection status.,text,Stage 03 / Stage 05 consolidation
table_02_pareto_annual.csv,Annual Pareto LS/MLE estimates and uncertainties.,pareto_supported,Pareto supported.,boolean,Stage 03 / Stage 05 consolidation
table_02_pareto_annual.csv,Annual Pareto LS/MLE estimates and uncertainties.,pareto_alpha_ls,Pareto alpha ls.,dimensionless,Stage 03 / Stage 05 consolidation
table_02_pareto_annual.csv,Annual Pareto LS/MLE estimates and uncertainties.,pareto_alpha_ls_bootstrap_se,Pareto alpha ls bootstrap se.,dimensionless,Stage 03 / Stage 05 consolidation
table_02_pareto_annual.csv,Annual Pareto LS/MLE estimates and uncertainties.,pareto_beta_ls,Pareto beta ls.,CCDF-percent scale,Stage 03 / Stage 05 consolidation
table_02_pareto_annual.csv,Annual Pareto LS/MLE estimates and uncertainties.,pareto_beta_ls_bootstrap_se,Pareto beta ls bootstrap se.,CCDF-percent scale,Stage 03 / Stage 05 consolidation
table_02_pareto_annual.csv,Annual Pareto LS/MLE estimates and uncertainties.,pareto_ls_r2,Pareto ls r2.,dimensionless,Stage 03 / Stage 05 consolidation
table_02_pareto_annual.csv,Annual Pareto LS/MLE estimates and uncertainties.,pareto_alpha_mle,Pareto alpha mle.,dimensionless,Stage 03 / Stage 05 consolidation
table_02_pareto_annual.csv,Annual Pareto LS/MLE estimates and uncertainties.,pareto_alpha_mle_fisher_se,Pareto alpha mle fisher se.,dimensionless,Stage 03 / Stage 05 consolidation
table_02_pareto_annual.csv,Annual Pareto LS/MLE estimates and uncertainties.,pareto_alpha_mle_likelihood_se,Pareto alpha mle likelihood se.,dimensionless,Stage 03 / Stage 05 consolidation
table_02_pareto_annual.csv,Annual Pareto LS/MLE estimates and uncertainties.,pareto_alpha_mle_bootstrap_se,Pareto alpha mle bootstrap se.,dimensionless,Stage 03 / Stage 05 consolidation
table_02_pareto_annual.csv,Annual Pareto LS/MLE estimates and uncertainties.,pareto_beta_mle_continuity,Pareto beta mle continuity.,CCDF-percent scale,Stage 03 / Stage 05 consolidation
table_02_pareto_annual.csv,Annual Pareto LS/MLE estimates and uncertainties.,pareto_beta_mle_likelihood_se,Pareto beta mle likelihood se.,CCDF-percent scale,Stage 03 / Stage 05 consolidation
table_02_pareto_annual.csv,Annual Pareto LS/MLE estimates and uncertainties.,pareto_beta_mle_bootstrap_se,Pareto beta mle bootstrap se.,CCDF-percent scale,Stage 03 / Stage 05 consolidation
table_02_pareto_annual.csv,Annual Pareto LS/MLE estimates and uncertainties.,pareto_mle_r2,Pareto mle r2.,dimensionless,Stage 03 / Stage 05 consolidation
table_02_pareto_annual.csv,Annual Pareto LS/MLE estimates and uncertainties.,pareto_population_pct,Pareto population pct.,%,Stage 03 / Stage 05 consolidation
table_02_pareto_annual.csv,Annual Pareto LS/MLE estimates and uncertainties.,pareto_income_share_pct,Pareto income share pct.,%,Stage 03 / Stage 05 consolidation
table_02_pareto_annual.csv,Annual Pareto LS/MLE estimates and uncertainties.,bootstrap_reps,Bootstrap reps.,count,Stage 03 / Stage 05 consolidation
table_03_economic_inequality_annual.csv,Annual income and inequality statistics.,year,Year.,year,Stage 03 / Stage 05 consolidation
table_03_economic_inequality_annual.csv,Annual income and inequality statistics.,gdp_growth_pct,Gdp growth pct.,%,Stage 03 / Stage 05 consolidation
table_03_economic_inequality_annual.csv,Annual income and inequality statistics.,income_observation_n,Income observation n.,count,Stage 03 / Stage 05 consolidation
table_03_economic_inequality_annual.csv,Annual income and inequality statistics.,income_mean_2025_usd,Income mean 2025 usd.,2025 US$,Stage 03 / Stage 05 consolidation
table_03_economic_inequality_annual.csv,Annual income and inequality statistics.,income_median_2025_usd,Income median 2025 usd.,2025 US$,Stage 03 / Stage 05 consolidation
table_03_economic_inequality_annual.csv,Annual income and inequality statistics.,income_std_2025_usd,Income std 2025 usd.,2025 US$,Stage 03 / Stage 05 consolidation
table_03_economic_inequality_annual.csv,Annual income and inequality statistics.,gini_pnad,Gini pnad.,dimensionless,Stage 03 / Stage 05 consolidation
table_03_economic_inequality_annual.csv,Annual income and inequality statistics.,pietra_pnad,Pietra pnad.,dimensionless,Stage 03 / Stage 05 consolidation
table_03_economic_inequality_annual.csv,Annual income and inequality statistics.,kolkata_pnad,Kolkata pnad.,dimensionless,Stage 03 / Stage 05 consolidation
table_03_economic_inequality_annual.csv,Annual income and inequality statistics.,zanardi_pnad,Zanardi pnad.,dimensionless,Stage 03 / Stage 05 consolidation
table_03_economic_inequality_annual.csv,Annual income and inequality statistics.,gini_ipea,Gini ipea.,dimensionless,Stage 03 / Stage 05 consolidation
table_03_economic_inequality_annual.csv,Annual income and inequality statistics.,gini_world_bank,Gini world bank.,dimensionless,Stage 03 / Stage 05 consolidation
table_03_economic_inequality_annual.csv,Annual income and inequality statistics.,p90_p99_population_n,P90 p99 population n.,count,Stage 03 / Stage 05 consolidation
table_03_economic_inequality_annual.csv,Annual income and inequality statistics.,p90_p99_income_share_pct,P90 p99 income share pct.,%,Stage 03 / Stage 05 consolidation
table_03_economic_inequality_annual.csv,Annual income and inequality statistics.,p90_p99_mean_income_2025_usd,P90 p99 mean income 2025 usd.,2025 US$,Stage 03 / Stage 05 consolidation
table_03_economic_inequality_annual.csv,Annual income and inequality statistics.,p90_p99_median_income_2025_usd,P90 p99 median income 2025 usd.,2025 US$,Stage 03 / Stage 05 consolidation
table_03_economic_inequality_annual.csv,Annual income and inequality statistics.,p90_p99_std_income_2025_usd,P90 p99 std income 2025 usd.,2025 US$,Stage 03 / Stage 05 consolidation
table_03_economic_inequality_annual.csv,Annual income and inequality statistics.,p99_p999_population_n,P99 p999 population n.,count,Stage 03 / Stage 05 consolidation
table_03_economic_inequality_annual.csv,Annual income and inequality statistics.,p99_p999_income_share_pct,P99 p999 income share pct.,%,Stage 03 / Stage 05 consolidation
table_03_economic_inequality_annual.csv,Annual income and inequality statistics.,p99_p999_mean_income_2025_usd,P99 p999 mean income 2025 usd.,2025 US$,Stage 03 / Stage 05 consolidation
table_03_economic_inequality_annual.csv,Annual income and inequality statistics.,p99_p999_median_income_2025_usd,P99 p999 median income 2025 usd.,2025 US$,Stage 03 / Stage 05 consolidation
table_03_economic_inequality_annual.csv,Annual income and inequality statistics.,p99_p999_std_income_2025_usd,P99 p999 std income 2025 usd.,2025 US$,Stage 03 / Stage 05 consolidation
table_03_economic_inequality_annual.csv,Annual income and inequality statistics.,p999_p100_population_n,P999 p100 population n.,count,Stage 03 / Stage 05 consolidation
table_03_economic_inequality_annual.csv,Annual income and inequality statistics.,p999_p100_income_share_pct,P999 p100 income share pct.,%,Stage 03 / Stage 05 consolidation
table_03_economic_inequality_annual.csv,Annual income and inequality statistics.,p999_p100_mean_income_2025_usd,P999 p100 mean income 2025 usd.,2025 US$,Stage 03 / Stage 05 consolidation
table_03_economic_inequality_annual.csv,Annual income and inequality statistics.,p999_p100_median_income_2025_usd,P999 p100 median income 2025 usd.,2025 US$,Stage 03 / Stage 05 consolidation
table_03_economic_inequality_annual.csv,Annual income and inequality statistics.,p999_p100_std_income_2025_usd,P999 p100 std income 2025 usd.,2025 US$,Stage 03 / Stage 05 consolidation
table_04_metadata.csv,Data dictionary for paper tables.,table_name,Metadata field table_name.,text,paper table schema
table_04_metadata.csv,Data dictionary for paper tables.,table_description,Metadata field table_description.,text,paper table schema
table_04_metadata.csv,Data dictionary for paper tables.,column_name,Metadata field column_name.,text,paper table schema
table_04_metadata.csv,Data dictionary for paper tables.,description,Metadata field description.,text,paper table schema
table_04_metadata.csv,Data dictionary for paper tables.,unit,Metadata field unit.,text,paper table schema
table_04_metadata.csv,Data dictionary for paper tables.,source,Metadata field source.,text,paper table schema
