year,survey,available,income_variable,income_start,income_width,household_size_variable,household_size_start,household_size_width,effective_income_variable,effective_income_start,effective_income_width,raw_file_pattern,missing_income_code,divide_by_household_size,currency,exchange,price_index,inflation_to_2025,source_url
1976,PNAD,True,V2954,227.0,9.0,,,,,,,DOM1976.txt,9999999.0,False,cruzeiro-Cr$,11.313,100.0,5.6292535,https://ftp.ibge.gov.br/Trabalho_e_Rendimento/Pesquisa_Nacional_por_Amostra_de_Domicilios_anual/microdados/1976/
1977,PNAD,True,V131,288.0,9.0,,,,,,,DOM1977.txt,999999999.0,False,cruzeiro-Cr$,14.93,106.42361,5.28947805848721,https://ftp.ibge.gov.br/Trabalho_e_Rendimento/Pesquisa_Nacional_por_Amostra_de_Domicilios_anual/microdados/1977/
1978,PNAD,True,V2541,214.0,9.0,,,,,,,DOM1978.txt,999999999.0,False,cruzeiro-Cr$,19.05,115.45139,4.875864638788671,https://ftp.ibge.gov.br/Trabalho_e_Rendimento/Pesquisa_Nacional_por_Amostra_de_Domicilios_anual/microdados/1978/
1979,PNAD,True,V2517,167.0,9.0,,,,,,,DOM1979.txt,999999999.0,False,cruzeiro-Cr$,28.792,129.16667,4.358131629467571,https://ftp.ibge.gov.br/Trabalho_e_Rendimento/Pesquisa_Nacional_por_Amostra_de_Domicilios_anual/microdados/1979/
1980,PNAD,False,,,,,,,,,,,,False,cruzeiro-Cr$,,,,
1981,PNAD,True,V5010,223.0,7.0,V9329,219.0,2.0,,,,DOM1981.txt,9999999.0,True,cruzeiro-Cr$,105.284,161.63194,3.4827605855624824,https://ftp.ibge.gov.br/Trabalho_e_Rendimento/Pesquisa_Nacional_por_Amostra_de_Domicilios_anual/microdados/1981/
1982,PNAD,True,V602,199.0,7.0,,,,,,,DOM1982.txt,9999999.0,False,cruzeiro-Cr$,202.088,169.61806,3.318781915086164,https://ftp.ibge.gov.br/Trabalho_e_Rendimento/Pesquisa_Nacional_por_Amostra_de_Domicilios_anual/microdados/1982/
1983,PNAD,True,V5010,223.0,7.0,V9329,219.0,2.0,,,,1983/PND83RM*.DAT,9999999.0,True,cruzeiro-Cr$,701.381,174.30556,3.2295318060995872,https://ftp.ibge.gov.br/Trabalho_e_Rendimento/Pesquisa_Nacional_por_Amostra_de_Domicilios_anual/microdados/1983/
1984,PNAD,True,V5010,223.0,7.0,V9329,219.0,2.0,,,,DOM1984.txt,9999999.0,True,cruzeiro-Cr$,2203.947,181.77083,3.096895965100671,https://ftp.ibge.gov.br/Trabalho_e_Rendimento/Pesquisa_Nacional_por_Amostra_de_Domicilios_anual/microdados/1984/
1985,PNAD,True,V5010,248.0,9.0,V9329,244.0,2.0,,,,DOM1985.txt,999999999.0,True,cruzeiro-Cr$,7461.667,187.67361,2.999491244400318,https://ftp.ibge.gov.br/Trabalho_e_Rendimento/Pesquisa_Nacional_por_Amostra_de_Domicilios_anual/microdados/1985/
1986,PNAD,True,V5010,256.0,9.0,V9329,252.0,2.0,,,,DOM1986.txt,999999999.0,True,cruzado-Cz$,13.84,190.97222,2.947681867027571,https://ftp.ibge.gov.br/Trabalho_e_Rendimento/Pesquisa_Nacional_por_Amostra_de_Domicilios_anual/microdados/1986/
1987,PNAD,True,V5010,248.0,9.0,V9329,244.0,2.0,,,,DOM1987.DAT,999999999.0,True,cruzado-Cz$,49.866,199.13194,2.826896328132996,https://ftp.ibge.gov.br/Trabalho_e_Rendimento/Pesquisa_Nacional_por_Amostra_de_Domicilios_anual/microdados/1987/
1988,PNAD,True,V5010,248.0,9.0,V9329,244.0,2.0,,,,1988/PND88RM*.DAT,999999999.0,True,cruzado-Cz$,326.235,207.46528,2.7133472646603805,https://ftp.ibge.gov.br/Trabalho_e_Rendimento/Pesquisa_Nacional_por_Amostra_de_Domicilios_anual/microdados/1988/
1989,PNAD,True,V5010,60.0,9.0,V9329,245.0,2.0,,,,DOM1989.DAT,999999999.0,True,cruzado novo-NCz$,3.267,216.66667,2.5981169600289697,https://ftp.ibge.gov.br/Trabalho_e_Rendimento/Pesquisa_Nacional_por_Amostra_de_Domicilios_anual/microdados/1989/
1990,PNAD,True,V5010,56.0,9.0,V9329,244.0,2.0,,,,DOM1990.DAT,999999999.0,True,cruzeiro-Cr$,75.541,230.03472,2.4471321111873894,https://ftp.ibge.gov.br/Trabalho_e_Rendimento/Pesquisa_Nacional_por_Amostra_de_Domicilios_anual/microdados/1990/PND1990N.DAT
1991,PNAD,False,,,,,,,,,,,,False,cruzeiro-Cr$,,,,
1992,PNAD,True,V4614,139.0,12.0,V0105,15.0,2.0,,,,DOM1992.DAT,999999999999.0,True,cruzeiro-Cr$,5771.524,244.96528,2.2979801464109526,https://ftp.ibge.gov.br/Trabalho_e_Rendimento/Pesquisa_Nacional_por_Amostra_de_Domicilios_anual/microdados/1992/
1993,PNAD,True,V4614,139.0,12.0,V0105,15.0,2.0,,,,DOM1993.DAT,999999999999.0,True,cruzeiro real-CR$,111.189,251.73611,2.2361724346975884,https://ftp.ibge.gov.br/Trabalho_e_Rendimento/Pesquisa_Nacional_por_Amostra_de_Domicilios_anual/microdados/1993/
1994,PNAD,False,,,,,,,,,,,,False,Real R$,,,,
1995,PNAD,True,V4614,139.0,12.0,V0105,15.0,2.0,,,,DOM1995.DAT,999999999999.0,True,Real R$,0.9528,265.79861,2.117864160388198,https://ftp.ibge.gov.br/Trabalho_e_Rendimento/Pesquisa_Nacional_por_Amostra_de_Domicilios_anual/microdados/1995/
1996,PNAD,True,V4614,139.0,12.0,V0105,15.0,2.0,,,,DOM1996.txt,999999999999.0,True,Real R$,1.0193,273.78472,2.0560875347608882,https://ftp.ibge.gov.br/Trabalho_e_Rendimento/Pesquisa_Nacional_por_Amostra_de_Domicilios_anual/microdados/1996/
1997,PNAD,True,V4614,139.0,12.0,V0105,15.0,2.0,,,,DOM1997.DAT,999999999999.0,True,Real R$,1.0936,279.86111,2.011445427340726,https://ftp.ibge.gov.br/Trabalho_e_Rendimento/Pesquisa_Nacional_por_Amostra_de_Domicilios_anual/microdados/1997/
1998,PNAD,True,V4614,142.0,12.0,V0105,15.0,2.0,,,,DOM1998.txt,999999999999.0,True,Real R$,1.1809,283.85417,1.9831498335923687,https://ftp.ibge.gov.br/Trabalho_e_Rendimento/Pesquisa_Nacional_por_Amostra_de_Domicilios_anual/microdados/1998/
1999,PNAD,True,V4614,142.0,12.0,V0105,15.0,2.0,,,,DOM1999.txt,999999999999.0,True,Real R$,1.8981,291.31944,1.9323301939616526,https://ftp.ibge.gov.br/Trabalho_e_Rendimento/Pesquisa_Nacional_por_Amostra_de_Domicilios_anual/microdados/1999/
2000,PNAD,False,,,,,,,,,,,,False,Real R$,,,,
2001,PNAD,True,V4614,146.0,12.0,V0105,17.0,2.0,,,,DOM2001.txt,999999999999.0,True,Real R$,2.6717,309.20139,1.820578329224199,https://ftp.ibge.gov.br/Trabalho_e_Rendimento/Pesquisa_Nacional_por_Amostra_de_Domicilios_anual/microdados/reponderacao_2001_2012/PNAD_reponderado_2001.zip
2002,PNAD,True,V4614,153.0,12.0,V0105,17.0,2.0,,,,DOM2002.txt,999999999999.0,True,Real R$,3.342,313.88889,1.7933904892269363,https://ftp.ibge.gov.br/Trabalho_e_Rendimento/Pesquisa_Nacional_por_Amostra_de_Domicilios_anual/microdados/reponderacao_2001_2012/PNAD_reponderado_2002.zip
2003,PNAD,True,V4614,153.0,12.0,V0105,17.0,2.0,,,,DOM2003.txt,999999999999.0,True,Real R$,2.9228,321.35417,1.7517287857195067,https://ftp.ibge.gov.br/Trabalho_e_Rendimento/Pesquisa_Nacional_por_Amostra_de_Domicilios_anual/microdados/reponderacao_2001_2012/PNAD_reponderado_2003_20150814.zip
2004,PNAD,True,V4621,239.0,12.0,,,,,,,DOM2004.txt,999999999999.0,False,Real R$,2.8911,329.51389,1.70835089834908,https://ftp.ibge.gov.br/Trabalho_e_Rendimento/Pesquisa_Nacional_por_Amostra_de_Domicilios_anual/microdados/reponderacao_2001_2012/PNAD_reponderado_2004.zip
2005,PNAD,True,V4621,181.0,12.0,,,,,,,DOM2005.txt,999999999999.0,False,Real R$,2.2944,345.13889,1.63101106919594,https://ftp.ibge.gov.br/Trabalho_e_Rendimento/Pesquisa_Nacional_por_Amostra_de_Domicilios_anual/microdados/reponderacao_2001_2012/PNAD_reponderado_2005.zip
2006,PNAD,True,V4621,181.0,12.0,,,,,,,DOM2006.txt,999999999999.0,False,Real R$,2.1687,352.08333,1.5988412459061894,https://ftp.ibge.gov.br/Trabalho_e_Rendimento/Pesquisa_Nacional_por_Amostra_de_Domicilios_anual/microdados/reponderacao_2001_2012/PNAD_reponderado_2006.zip
2007,PNAD,True,V4621,179.0,12.0,,,,,,,DOM2007.txt,999999999999.0,False,Real R$,1.8996,362.06076,1.5547814405515803,https://ftp.ibge.gov.br/Trabalho_e_Rendimento/Pesquisa_Nacional_por_Amostra_de_Domicilios_anual/microdados/reponderacao_2001_2012/PNAD_reponderado_2007_20150814.zip
2008,PNAD,True,V4621,181.0,12.0,,,,,,,DOM2008.txt,999999999999.0,False,Real R$,1.7996,379.99479,1.4814028108122217,https://ftp.ibge.gov.br/Trabalho_e_Rendimento/Pesquisa_Nacional_por_Amostra_de_Domicilios_anual/microdados/reponderacao_2001_2012/PNAD_reponderado_2008.zip
2009,PNAD,True,V4621,181.0,12.0,,,,,,,DOM2009.txt,999999999999.0,False,Real R$,1.8198,374.75868,1.5021008986369573,https://ftp.ibge.gov.br/Trabalho_e_Rendimento/Pesquisa_Nacional_por_Amostra_de_Domicilios_anual/microdados/reponderacao_2001_2012/PNAD_reponderado_2009_20171228.zip
2010,PNAD,False,,,,,,,,,,,,False,Real R$,,,,
2011,PNAD,True,V4621,176.0,12.0,,,,,,,DOM2011.txt,999999999999.0,False,Real R$,1.7498,393.39757,1.430932453395683,https://ftp.ibge.gov.br/Trabalho_e_Rendimento/Pesquisa_Nacional_por_Amostra_de_Domicilios_anual/microdados/reponderacao_2001_2012/PNAD_reponderado_2011_20150814.zip
2012,PNAD,True,V4621,176.0,12.0,,,,,,,DOM2012.txt,999999999999.0,False,Real R$,2.0281,401.06771,1.4035668690456282,https://ftp.ibge.gov.br/Trabalho_e_Rendimento/Pesquisa_Nacional_por_Amostra_de_Domicilios_anual/microdados/reponderacao_2001_2012/PNAD_reponderado_2012_20150814.zip
2013,PNAD,True,V4621,193.0,12.0,,,,,,,DOM2013.txt,999999999999.0,False,Real R$,2.2705,405.45833,1.3883679489332479,https://ftp.ibge.gov.br/Trabalho_e_Rendimento/Pesquisa_Nacional_por_Amostra_de_Domicilios_anual/microdados/2013/Dados_20170807.zip
2014,PNAD,True,V4621,193.0,12.0,,,,,,,DOM2014.txt,999999999999.0,False,Real R$,2.3329,412.28646,1.3653743322058163,https://ftp.ibge.gov.br/Trabalho_e_Rendimento/Pesquisa_Nacional_por_Amostra_de_Domicilios_anual/microdados/2014/Dados_20170323.zip
2015,PNAD,True,V4621,193.0,12.0,,,,,,,DOM2015.txt,999999999999.0,False,Real R$,3.9065,412.32292,1.3652535978354052,https://ftp.ibge.gov.br/Trabalho_e_Rendimento/Pesquisa_Nacional_por_Amostra_de_Domicilios_anual/microdados/2015/Dados_20170517.zip
2016,PNAD Continua,True,VD4019,443.0,8.0,,,,VD4020,451.0,8.0,DOM2016.txt,999999999999.0,False,Real R$,3.2564,418.70833,1.3444331284261768,https://ftp.ibge.gov.br/Trabalho_e_Rendimento/Pesquisa_Nacional_por_Amostra_de_Domicilios_continua/Trimestral/Microdados/2016/
2017,PNAD Continua,True,VD4019,443.0,8.0,,,,VD4020,451.0,8.0,DOM2017.txt,999999999999.0,False,Real R$,3.1348,427.83854,1.3157424994952533,https://ftp.ibge.gov.br/Trabalho_e_Rendimento/Pesquisa_Nacional_por_Amostra_de_Domicilios_continua/Trimestral/Microdados/2017/
2018,PNAD Continua,True,VD4019,443.0,8.0,,,,VD4020,451.0,8.0,DOM2018.txt,999999999999.0,False,Real R$,4.1165,437.81597,1.28575791787586,https://ftp.ibge.gov.br/Trabalho_e_Rendimento/Pesquisa_Nacional_por_Amostra_de_Domicilios_continua/Trimestral/Microdados/2018/
2019,PNAD Continua,True,VD4019,443.0,8.0,,,,VD4020,451.0,8.0,DOM2019.txt,999999999999.0,False,Real R$,4.1215,445.19097,1.264458149274681,https://ftp.ibge.gov.br/Trabalho_e_Rendimento/Pesquisa_Nacional_por_Amostra_de_Domicilios_continua/Trimestral/Microdados/2019/
2020,PNAD Continua,True,VD4019,443.0,8.0,,,,VD4020,451.0,8.0,DOM2020.txt,999999999999.0,False,Real R$,5.3995,451.38368,1.2471105512720353,https://ftp.ibge.gov.br/Trabalho_e_Rendimento/Pesquisa_Nacional_por_Amostra_de_Domicilios_continua/Trimestral/Microdados/2020/
2021,PNAD Continua,True,VD4019,443.0,8.0,,,,VD4020,451.0,8.0,DOM2021.txt,999999999999.0,False,Real R$,5.2797,475.53819,1.1837647571481063,https://ftp.ibge.gov.br/Trabalho_e_Rendimento/Pesquisa_Nacional_por_Amostra_de_Domicilios_continua/Trimestral/Microdados/2021/
2022,PNAD Continua,True,VD4019,443.0,8.0,,,,VD4020,451.0,8.0,DOM2022.txt,999999999999.0,False,Real R$,5.237,514.49479,1.0941322651683218,https://ftp.ibge.gov.br/Trabalho_e_Rendimento/Pesquisa_Nacional_por_Amostra_de_Domicilios_continua/Trimestral/Microdados/2022/
2023,PNAD Continua,True,VD4019,443.0,8.0,,,,VD4020,451.0,8.0,DOM2023.txt,999999999999.0,False,Real R$,4.937,533.46528,1.0552239688401088,https://ftp.ibge.gov.br/Trabalho_e_Rendimento/Pesquisa_Nacional_por_Amostra_de_Domicilios_continua/Trimestral/Microdados/2023/
2024,PNAD Continua,True,VD4019,443.0,8.0,,,,VD4020,451.0,8.0,DOM2024.txt,999999999999.0,False,Real R$,5.5416,546.40972,1.0302257251207025,https://ftp.ibge.gov.br/Trabalho_e_Rendimento/Pesquisa_Nacional_por_Amostra_de_Domicilios_continua/Trimestral/Microdados/2024/
2025,PNAD Continua,True,VD4019,443.0,8.0,,,,VD4020,451.0,8.0,DOM2025.txt,999999999999.0,False,Real R$,5.3674,562.92535,1.0,https://ftp.ibge.gov.br/Trabalho_e_Rendimento/Pesquisa_Nacional_por_Amostra_de_Domicilios_continua/Trimestral/Microdados/2025/