ano,survey,income_variable,income_position,income_width,member_variable,member_position,member_width,raw_source,raw_subdir,raw_pattern,raw_file_count,missing_income_code,income_scale_divisor,currency,exchange,price_index,adjust_2025,inflation_factor_2025,stage01_divides_by_members,income_construction,adjusted_income_formula,monetary_provenance,gini_ipea,gini_world_bank,gini_reference_role,trusted_cutoff_rule,trusted_log_mad_cutoff,trusted_mad_consistency,trusted_n_invalid_structural,trusted_n_refined,trusted_n_removed_total,trusted_n_statistical_outlier,trusted_n_trusted,trusted_p99_exception_cutoff,trusted_p99_exception_quantile,trusted_effective_cutoff,trusted_mad_k,trusted_total_removal_rate
1976,PNAD,V2954,227.0,9.0,,,,https://ftp.ibge.gov.br/Trabalho_e_Rendimento/Pesquisa_Nacional_por_Amostra_de_Domicilios_anual/microdados/1976/,,DOM1976.*,1,9999999.0,1.0,cruzeiro-Cr$,11.313,100.0,4.6292535,5.6292535,False,income_raw / income_scale_divisor,renda / exchange * inflation_factor_2025,Stage 00 metadata; documentary provenance of historical exchange/index series not yet recorded,,,external validation only,log_mad,472517.6808766022,1.4826,4,148396,9,5,148387,,,472517.6808766022,6.0,6.064853500094342e-05
1977,PNAD,V131,288.0,9.0,,,,https://ftp.ibge.gov.br/Trabalho_e_Rendimento/Pesquisa_Nacional_por_Amostra_de_Domicilios_anual/microdados/1977/,,DOM1977.*,1,999999999.0,1.0,cruzeiro-Cr$,14.93,106.42361,4.28947805848721,5.28947805848721,False,income_raw / income_scale_divisor,renda / exchange * inflation_factor_2025,Stage 00 metadata; documentary provenance of historical exchange/index series not yet recorded,,,external validation only,log_mad,617495.775730576,1.4826,919,193886,932,13,192954,,,617495.775730576,6.0,0.0048069484129849
1978,PNAD,V2541,214.0,9.0,,,,https://ftp.ibge.gov.br/Trabalho_e_Rendimento/Pesquisa_Nacional_por_Amostra_de_Domicilios_anual/microdados/1978/,,DOM1978.*,1,999999999.0,1.0,cruzeiro-Cr$,19.05,115.45139,3.875864638788671,4.875864638788671,False,income_raw / income_scale_divisor,renda / exchange * inflation_factor_2025,Stage 00 metadata; documentary provenance of historical exchange/index series not yet recorded,,,external validation only,log_mad,950875.3648027967,1.4826,628,216329,634,6,215695,,,950875.3648027967,6.0,0.0029307212625214
1979,PNAD,V2517,167.0,9.0,,,,https://ftp.ibge.gov.br/Trabalho_e_Rendimento/Pesquisa_Nacional_por_Amostra_de_Domicilios_anual/microdados/1979/,,DOM1979.*,1,999999999.0,1.0,cruzeiro-Cr$,28.792,129.16667,3.3581316294675707,4.358131629467571,False,income_raw / income_scale_divisor,renda / exchange * inflation_factor_2025,Stage 00 metadata; documentary provenance of historical exchange/index series not yet recorded,,,external validation only,log_mad,1425020.1114974446,1.4826,0,170807,0,0,170807,,,1425020.1114974446,6.0,0.0
1981,PNAD,V5010,223.0,7.0,V9329,219.0,2.0,https://ftp.ibge.gov.br/Trabalho_e_Rendimento/Pesquisa_Nacional_por_Amostra_de_Domicilios_anual/microdados/1981/,,DOM1981.*,1,9999999.0,1.0,cruzeiro-Cr$,105.284,161.63194,2.4827605855624824,3.4827605855624824,True,income_raw / income_scale_divisor / member_count,renda / exchange * inflation_factor_2025,Stage 00 metadata; documentary provenance of historical exchange/index series not yet recorded,,0.57864045464,external validation only,log_mad,2379648.5912030186,1.4826,0,472198,0,0,472198,,,2379648.5912030186,6.0,0.0
1982,PNAD,V602,199.0,7.0,,,,https://ftp.ibge.gov.br/Trabalho_e_Rendimento/Pesquisa_Nacional_por_Amostra_de_Domicilios_anual/microdados/1982/,,DOM1982.*,1,9999999.0,1.0,cruzeiro-Cr$,202.088,169.61806,2.318781915086164,3.318781915086164,False,income_raw / income_scale_divisor,renda / exchange * inflation_factor_2025,Stage 00 metadata; documentary provenance of historical exchange/index series not yet recorded,,0.583560943294,external validation only,log_mad,11904811.115266629,1.4826,0,206845,0,0,206845,,,11904811.115266629,6.0,0.0
1983,PNAD,V5010,223.0,7.0,V9329,219.0,2.0,https://ftp.ibge.gov.br/Trabalho_e_Rendimento/Pesquisa_Nacional_por_Amostra_de_Domicilios_anual/microdados/1983/,1983.0,PND83RM*.DAT,8,9999999.0,1.0,cruzeiro-Cr$,701.381,174.30556,2.2295318060995872,3.2295318060995872,True,income_raw / income_scale_divisor / member_count,renda / exchange * inflation_factor_2025,Stage 00 metadata; documentary provenance of historical exchange/index series not yet recorded,,0.589039744859,external validation only,log_mad,11743975.755541047,1.4826,0,499797,0,0,499797,,,11743975.755541047,6.0,0.0
1984,PNAD,V5010,223.0,7.0,V9329,219.0,2.0,https://ftp.ibge.gov.br/Trabalho_e_Rendimento/Pesquisa_Nacional_por_Amostra_de_Domicilios_anual/microdados/1984/,,DOM1984.*,1,9999999.0,1.0,cruzeiro-Cr$,2203.947,181.77083,2.096895965100671,3.096895965100671,True,income_raw / income_scale_divisor / member_count,renda / exchange * inflation_factor_2025,Stage 00 metadata; documentary provenance of historical exchange/index series not yet recorded,,0.582991179841,external validation only,log_mad,28573846.60499029,1.4826,0,504543,0,0,504543,,,28573846.60499029,6.0,0.0
1985,PNAD,V5010,248.0,9.0,V9329,244.0,2.0,https://ftp.ibge.gov.br/Trabalho_e_Rendimento/Pesquisa_Nacional_por_Amostra_de_Domicilios_anual/microdados/1985/,,DOM1985.*,1,999999999.0,1.0,cruzeiro-Cr$,7461.667,187.67361,1.999491244400318,2.999491244400318,True,income_raw / income_scale_divisor / member_count,renda / exchange * inflation_factor_2025,Stage 00 metadata; documentary provenance of historical exchange/index series not yet recorded,,0.555264216911,external validation only,min_log_mad_p99_exception,133769200.6337102,1.4826,0,514137,5142,5142,508995,3945001.7600001856,0.99,3945001.7600001856,6.0,0.0100012253543316
1986,PNAD,V5010,256.0,9.0,V9329,252.0,2.0,https://ftp.ibge.gov.br/Trabalho_e_Rendimento/Pesquisa_Nacional_por_Amostra_de_Domicilios_anual/microdados/1986/,,DOM1986.*,1,999999999.0,1.0,cruzado-Cz$,13.84,190.97222,1.9476818670275708,2.947681867027571,True,income_raw / income_scale_divisor / member_count,renda / exchange * inflation_factor_2025,Stage 00 metadata; documentary provenance of historical exchange/index series not yet recorded,,0.584328977746,external validation only,log_mad,343586.9585552404,1.4826,0,284142,0,0,284142,,,343586.9585552404,6.0,0.0
1987,PNAD,V5010,248.0,9.0,V9329,244.0,2.0,https://ftp.ibge.gov.br/Trabalho_e_Rendimento/Pesquisa_Nacional_por_Amostra_de_Domicilios_anual/microdados/1987/,,DOM1987.*,1,999999999.0,1.0,cruzado-Cz$,49.866,199.13194,1.826896328132996,2.826896328132996,True,income_raw / income_scale_divisor / member_count,renda / exchange * inflation_factor_2025,Stage 00 metadata; documentary provenance of historical exchange/index series not yet recorded,,0.596431493876,external validation only,log_mad,1330413.9757580613,1.4826,0,292615,0,0,292615,,,1330413.9757580613,6.0,0.0
1988,PNAD,V5010,248.0,9.0,V9329,244.0,2.0,https://ftp.ibge.gov.br/Trabalho_e_Rendimento/Pesquisa_Nacional_por_Amostra_de_Domicilios_anual/microdados/1988/,1988.0,PND88RM*.DAT,8,999999999.0,1.0,cruzado-Cz$,326.235,207.46528,1.7133472646603805,2.7133472646603805,True,income_raw / income_scale_divisor / member_count,renda / exchange * inflation_factor_2025,Stage 00 metadata; documentary provenance of historical exchange/index series not yet recorded,,0.613722993924,external validation only,log_mad,10604568.424470397,1.4826,0,289633,0,0,289633,,,10604568.424470397,6.0,0.0
1989,PNAD,V5010,249.0,9.0,V9329,245.0,2.0,https://ftp.ibge.gov.br/Trabalho_e_Rendimento/Pesquisa_Nacional_por_Amostra_de_Domicilios_anual/microdados/1989/,,DOM1989.*,1,999999999.0,1.0,cruzado novo-NCz$,3.267,216.66667,1.5981169600289695,2.5981169600289697,True,income_raw / income_scale_divisor / member_count,renda / exchange * inflation_factor_2025,Stage 00 metadata; documentary provenance of historical exchange/index series not yet recorded,,0.63245782638,external validation only,log_mad,190503.36013304853,1.4826,0,292690,2,2,292688,,,190503.36013304853,6.0,6.833168198435205e-06
1990,PNAD,V5010,56.0,9.0,V9329,244.0,2.0,https://ftp.ibge.gov.br/Trabalho_e_Rendimento/Pesquisa_Nacional_por_Amostra_de_Domicilios_anual/microdados/1990/PND1990N.DAT,,DOM1990.*,1,999999999.0,1.0,cruzeiro-Cr$,75.541,230.03472,1.4471321111873894,2.4471321111873894,True,income_raw / income_scale_divisor / member_count,renda / exchange * inflation_factor_2025,Stage 00 metadata; documentary provenance of historical exchange/index series not yet recorded,,0.60450872928,external validation only,min_log_mad_p99_exception,70723711.99477115,1.4826,0,115785,1128,1128,114657,750003.5,0.99,750003.5,6.0,0.0097421945847907
1992,PNAD,V4614,139.0,12.0,V0105,15.0,2.0,https://ftp.ibge.gov.br/Trabalho_e_Rendimento/Pesquisa_Nacional_por_Amostra_de_Domicilios_anual/microdados/1992/,,DOM1992.*,1,999999999999.0,1.0,cruzeiro-Cr$,5771.524,244.96528,1.2979801464109526,2.2979801464109526,True,income_raw / income_scale_divisor / member_count,renda / exchange * inflation_factor_2025,Stage 00 metadata; documentary provenance of historical exchange/index series not yet recorded,,0.531034170544,external validation only,log_mad,200695378.98954552,1.4826,0,76440,0,0,76440,,,200695378.98954552,6.0,0.0
1993,PNAD,V4614,139.0,12.0,V0105,15.0,2.0,https://ftp.ibge.gov.br/Trabalho_e_Rendimento/Pesquisa_Nacional_por_Amostra_de_Domicilios_anual/microdados/1993/,,DOM1993.*,1,999999999999.0,1.0,cruzeiro real-CR$,111.189,251.73611,1.2361724346975884,2.2361724346975884,True,income_raw / income_scale_divisor / member_count,renda / exchange * inflation_factor_2025,Stage 00 metadata; documentary provenance of historical exchange/index series not yet recorded,,0.600668969317,external validation only,log_mad,4125928.1563061434,1.4826,0,77843,0,0,77843,,,4125928.1563061434,6.0,0.0
1995,PNAD,V4614,139.0,12.0,V0105,15.0,2.0,https://ftp.ibge.gov.br/Trabalho_e_Rendimento/Pesquisa_Nacional_por_Amostra_de_Domicilios_anual/microdados/1995/,,DOM1995.*,1,999999999999.0,1.0,Real R$,0.9528,265.79861,1.1178641603881978,2.117864160388198,True,income_raw / income_scale_divisor / member_count,renda / exchange * inflation_factor_2025,Stage 00 metadata; documentary provenance of historical exchange/index series not yet recorded,0.615,0.595311943295,external validation only,log_mad,61091.98656656969,1.4826,0,83455,0,0,83455,,,61091.98656656969,6.0,0.0
1996,PNAD,V4614,139.0,12.0,V0105,15.0,2.0,https://ftp.ibge.gov.br/Trabalho_e_Rendimento/Pesquisa_Nacional_por_Amostra_de_Domicilios_anual/microdados/1996/,,DOM1996.*,1,999999999999.0,1.0,Real R$,1.0193,273.78472,1.0560875347608882,2.056087534760888,True,income_raw / income_scale_divisor / member_count,renda / exchange * inflation_factor_2025,Stage 00 metadata; documentary provenance of historical exchange/index series not yet recorded,0.616,0.598383767765,external validation only,log_mad,87015.0090858066,1.4826,0,82551,0,0,82551,,,87015.0090858066,6.0,0.0
1997,PNAD,V4614,139.0,12.0,V0105,15.0,2.0,https://ftp.ibge.gov.br/Trabalho_e_Rendimento/Pesquisa_Nacional_por_Amostra_de_Domicilios_anual/microdados/1997/,,DOM1997.*,1,999999999999.0,1.0,Real R$,1.0936,279.86111,1.011445427340726,2.011445427340726,True,income_raw / income_scale_divisor / member_count,renda / exchange * inflation_factor_2025,Stage 00 metadata; documentary provenance of historical exchange/index series not yet recorded,0.616,0.597547175783,external validation only,log_mad,85985.24906513945,1.4826,0,87988,0,0,87988,,,85985.24906513945,6.0,0.0
1998,PNAD,V4614,142.0,12.0,V0105,15.0,2.0,https://ftp.ibge.gov.br/Trabalho_e_Rendimento/Pesquisa_Nacional_por_Amostra_de_Domicilios_anual/microdados/1998/,,DOM1998.*,1,999999999999.0,1.0,Real R$,1.1809,283.85417,0.9831498335923688,1.9831498335923687,True,income_raw / income_scale_divisor / member_count,renda / exchange * inflation_factor_2025,Stage 00 metadata; documentary provenance of historical exchange/index series not yet recorded,0.614,0.595662519999,external validation only,log_mad,87033.8635160188,1.4826,0,88562,0,0,88562,,,87033.8635160188,6.0,0.0
1999,PNAD,V4614,142.0,12.0,V0105,15.0,2.0,https://ftp.ibge.gov.br/Trabalho_e_Rendimento/Pesquisa_Nacional_por_Amostra_de_Domicilios_anual/microdados/1999/,,DOM1999.*,1,999999999999.0,1.0,Real R$,1.8981,291.31944,0.9323301939616526,1.9323301939616528,True,income_raw / income_scale_divisor / member_count,renda / exchange * inflation_factor_2025,Stage 00 metadata; documentary provenance of historical exchange/index series not yet recorded,0.608,0.589512228762,external validation only,log_mad,79661.2797475169,1.4826,0,91737,0,0,91737,,,79661.2797475169,6.0,0.0
2001,PNAD,V4614,146.0,12.0,V0105,17.0,2.0,https://ftp.ibge.gov.br/Trabalho_e_Rendimento/Pesquisa_Nacional_por_Amostra_de_Domicilios_anual/microdados/reponderacao_2001_2012/PNAD_reponderado_2001.zip,,DOM2001.*,1,999999999999.0,1.0,Real R$,2.6717,309.20139,0.820578329224199,1.820578329224199,True,income_raw / income_scale_divisor / member_count,renda / exchange * inflation_factor_2025,Stage 00 metadata; documentary provenance of historical exchange/index series not yet recorded,0.61,0.58402876478,external validation only,log_mad,82078.65001312198,1.4826,0,101423,0,0,101423,,,82078.65001312198,6.0,0.0
2002,PNAD,V4614,153.0,12.0,V0105,17.0,2.0,https://ftp.ibge.gov.br/Trabalho_e_Rendimento/Pesquisa_Nacional_por_Amostra_de_Domicilios_anual/microdados/reponderacao_2001_2012/PNAD_reponderado_2002.zip,,DOM2002.*,1,999999999999.0,1.0,Real R$,3.342,313.88889,0.7933904892269363,1.7933904892269363,True,income_raw / income_scale_divisor / member_count,renda / exchange * inflation_factor_2025,Stage 00 metadata; documentary provenance of historical exchange/index series not yet recorded,0.603,0.58105672714,external validation only,log_mad,91592.7190122804,1.4826,0,103915,1,1,103914,,,91592.7190122804,6.0,9.62324977144782e-06
2003,PNAD,V4614,153.0,12.0,V0105,17.0,2.0,https://ftp.ibge.gov.br/Trabalho_e_Rendimento/Pesquisa_Nacional_por_Amostra_de_Domicilios_anual/microdados/reponderacao_2001_2012/PNAD_reponderado_2003_20150814.zip,,DOM2003.*,1,999999999999.0,1.0,Real R$,2.9228,321.35417,0.7517287857195067,1.7517287857195067,True,income_raw / income_scale_divisor / member_count,renda / exchange * inflation_factor_2025,Stage 00 metadata; documentary provenance of historical exchange/index series not yet recorded,0.596,0.575533879723,external validation only,log_mad,86275.34844628305,1.4826,0,105676,0,0,105676,,,86275.34844628305,6.0,0.0
2004,PNAD,V4621,239.0,12.0,,,,https://ftp.ibge.gov.br/Trabalho_e_Rendimento/Pesquisa_Nacional_por_Amostra_de_Domicilios_anual/microdados/reponderacao_2001_2012/PNAD_reponderado_2004.zip,,DOM2004.*,1,999999999999.0,1.0,Real R$,2.8911,329.51389,0.70835089834908,1.70835089834908,False,income_raw / income_scale_divisor,renda / exchange * inflation_factor_2025,Stage 00 metadata; documentary provenance of historical exchange/index series not yet recorded,0.585,0.56471825867,external validation only,log_mad,110235.54593062724,1.4826,0,110351,0,0,110351,,,110235.54593062724,6.0,0.0
2005,PNAD,V4621,181.0,12.0,,,,https://ftp.ibge.gov.br/Trabalho_e_Rendimento/Pesquisa_Nacional_por_Amostra_de_Domicilios_anual/microdados/reponderacao_2001_2012/PNAD_reponderado_2005.zip,,DOM2005.*,1,999999999999.0,1.0,Real R$,2.2944,345.13889,0.6310110691959401,1.63101106919594,False,income_raw / income_scale_divisor,renda / exchange * inflation_factor_2025,Stage 00 metadata; documentary provenance of historical exchange/index series not yet recorded,0.582,0.563101304494,external validation only,log_mad,117924.28203989312,1.4826,0,114576,0,0,114576,,,117924.28203989312,6.0,0.0
2006,PNAD,V4621,181.0,12.0,,,,https://ftp.ibge.gov.br/Trabalho_e_Rendimento/Pesquisa_Nacional_por_Amostra_de_Domicilios_anual/microdados/reponderacao_2001_2012/PNAD_reponderado_2006.zip,,DOM2006.*,1,999999999999.0,1.0,Real R$,2.1687,352.08333,0.5988412459061894,1.5988412459061894,False,income_raw / income_scale_divisor,renda / exchange * inflation_factor_2025,Stage 00 metadata; documentary provenance of historical exchange/index series not yet recorded,0.575,0.556422105694,external validation only,log_mad,91205.83962329944,1.4826,0,116334,1,1,116333,,,91205.83962329944,6.0,8.595939278284938e-06
2007,PNAD,V4621,179.0,12.0,,,,https://ftp.ibge.gov.br/Trabalho_e_Rendimento/Pesquisa_Nacional_por_Amostra_de_Domicilios_anual/microdados/reponderacao_2001_2012/PNAD_reponderado_2007_20150814.zip,,DOM2007.*,1,999999999999.0,1.0,Real R$,1.8996,362.06076,0.5547814405515803,1.5547814405515803,False,income_raw / income_scale_divisor,renda / exchange * inflation_factor_2025,Stage 00 metadata; documentary provenance of historical exchange/index series not yet recorded,0.568,0.549191681065,external validation only,log_mad,118616.27501061746,1.4826,0,115112,0,0,115112,,,118616.27501061746,6.0,0.0
2008,PNAD,V4621,181.0,12.0,,,,https://ftp.ibge.gov.br/Trabalho_e_Rendimento/Pesquisa_Nacional_por_Amostra_de_Domicilios_anual/microdados/reponderacao_2001_2012/PNAD_reponderado_2008.zip,,DOM2008.*,1,999999999999.0,1.0,Real R$,1.7996,379.99479,0.4814028108122217,1.4814028108122217,False,income_raw / income_scale_divisor,renda / exchange * inflation_factor_2025,Stage 00 metadata; documentary provenance of historical exchange/index series not yet recorded,0.558,0.540375889542,external validation only,log_mad,119454.8709995482,1.4826,0,114822,1,1,114821,,,119454.8709995482,6.0,8.709132396230688e-06
2009,PNAD,V4621,181.0,12.0,,,,https://ftp.ibge.gov.br/Trabalho_e_Rendimento/Pesquisa_Nacional_por_Amostra_de_Domicilios_anual/microdados/reponderacao_2001_2012/PNAD_reponderado_2009_20171228.zip,,DOM2009.*,1,999999999999.0,1.0,Real R$,1.8198,374.75868,0.5021008986369573,1.5021008986369573,False,income_raw / income_scale_divisor,renda / exchange * inflation_factor_2025,Stage 00 metadata; documentary provenance of historical exchange/index series not yet recorded,0.554,0.536820020289,external validation only,log_mad,121538.40099146668,1.4826,0,117827,0,0,117827,,,121538.40099146668,6.0,0.0
2011,PNAD,V4621,176.0,12.0,,,,https://ftp.ibge.gov.br/Trabalho_e_Rendimento/Pesquisa_Nacional_por_Amostra_de_Domicilios_anual/microdados/reponderacao_2001_2012/PNAD_reponderado_2011_20150814.zip,,DOM2011.*,1,999999999999.0,1.0,Real R$,1.7498,393.39757,0.4309324533956831,1.430932453395683,False,income_raw / income_scale_divisor,renda / exchange * inflation_factor_2025,Stage 00 metadata; documentary provenance of historical exchange/index series not yet recorded,0.543,0.529417718899,external validation only,log_mad,119916.66124805222,1.4826,0,106449,1,1,106448,,,119916.66124805222,6.0,9.394169978111585e-06
2012,PNAD,V4621,176.0,12.0,,,,https://ftp.ibge.gov.br/Trabalho_e_Rendimento/Pesquisa_Nacional_por_Amostra_de_Domicilios_anual/microdados/reponderacao_2001_2012/PNAD_reponderado_2012_20150814.zip,,DOM2012.*,1,999999999999.0,1.0,Real R$,2.0281,401.06771,0.4035668690456282,1.4035668690456282,False,income_raw / income_scale_divisor,renda / exchange * inflation_factor_2025,Stage 00 metadata; documentary provenance of historical exchange/index series not yet recorded,0.54,0.534459752729,external validation only,log_mad,125941.85678748516,1.4826,0,110509,7,7,110502,,,125941.85678748516,6.0,6.334325711028061e-05
2013,PNAD,V4621,193.0,12.0,,,,https://ftp.ibge.gov.br/Trabalho_e_Rendimento/Pesquisa_Nacional_por_Amostra_de_Domicilios_anual/microdados/2013/Dados_20170807.zip,,DOM2013.*,1,999999999999.0,1.0,Real R$,2.2705,405.45833,0.3883679489332479,1.388367948933248,False,income_raw / income_scale_divisor,renda / exchange * inflation_factor_2025,Stage 00 metadata; documentary provenance of historical exchange/index series not yet recorded,0.532,0.527108703138,external validation only,log_mad,133504.1420417645,1.4826,0,111029,0,0,111029,,,133504.1420417645,6.0,0.0
2014,PNAD,V4621,193.0,12.0,,,,https://ftp.ibge.gov.br/Trabalho_e_Rendimento/Pesquisa_Nacional_por_Amostra_de_Domicilios_anual/microdados/2014/Dados_20170323.zip,,DOM2014.*,1,999999999999.0,1.0,Real R$,2.3329,412.28646,0.3653743322058163,1.3653743322058165,False,income_raw / income_scale_divisor,renda / exchange * inflation_factor_2025,Stage 00 metadata; documentary provenance of historical exchange/index series not yet recorded,0.526,0.52051631641,external validation only,log_mad,131606.41369898597,1.4826,0,115021,1,1,115020,,,131606.41369898597,6.0,8.694064562123438e-06
2015,PNAD,V4621,193.0,12.0,,,,https://ftp.ibge.gov.br/Trabalho_e_Rendimento/Pesquisa_Nacional_por_Amostra_de_Domicilios_anual/microdados/2015/Dados_20170517.zip,,DOM2015.*,1,999999999999.0,1.0,Real R$,3.9065,412.32292,0.3652535978354052,1.3652535978354052,False,income_raw / income_scale_divisor,renda / exchange * inflation_factor_2025,Stage 00 metadata; documentary provenance of historical exchange/index series not yet recorded,0.524,0.519366717318,external validation only,log_mad,130403.8937756406,1.4826,0,115626,1,1,115625,,,130403.8937756406,6.0,8.648573850172107e-06
2016,PNAD Continua,VD5008,671.0,8.0,,,,https://ftp.ibge.gov.br/Trabalho_e_Rendimento/Pesquisa_Nacional_por_Amostra_de_Domicilios_continua/Trimestral/Microdados/2016/,,DOM2016.*,1,999999.0,1.0,Real R$,3.2564,418.70833,0.3444331284261768,1.3444331284261768,False,income_raw / income_scale_divisor,renda / exchange * inflation_factor_2025,Stage 00 metadata; documentary provenance of historical exchange/index series not yet recorded,0.537,0.533623062525,external validation only,log_mad,154552.2594470631,1.4826,0,459490,0,0,459490,,,154552.2594470631,6.0,0.0
2017,PNAD Continua,VD5008,674.0,8.0,,,,https://ftp.ibge.gov.br/Trabalho_e_Rendimento/Pesquisa_Nacional_por_Amostra_de_Domicilios_continua/Trimestral/Microdados/2017/,,DOM2017.*,1,999999.0,1.0,Real R$,3.1348,427.83854,0.3157424994952533,1.3157424994952531,False,income_raw / income_scale_divisor,renda / exchange * inflation_factor_2025,Stage 00 metadata; documentary provenance of historical exchange/index series not yet recorded,0.539,0.53286657297,external validation only,log_mad,173824.08739537286,1.4826,0,457790,0,0,457790,,,173824.08739537286,6.0,0.0
2018,PNAD Continua,VD5008,676.0,8.0,,,,https://ftp.ibge.gov.br/Trabalho_e_Rendimento/Pesquisa_Nacional_por_Amostra_de_Domicilios_continua/Trimestral/Microdados/2018/,,DOM2018.*,1,999999.0,1.0,Real R$,4.1165,437.81597,0.28575791787586,1.28575791787586,False,income_raw / income_scale_divisor,renda / exchange * inflation_factor_2025,Stage 00 metadata; documentary provenance of historical exchange/index series not yet recorded,0.545,0.538905021683,external validation only,log_mad,198496.47773903783,1.4826,0,452444,1,1,452443,,,198496.47773903783,6.0,2.210218281157447e-06
2019,PNAD Continua,VD5008,679.0,8.0,,,,https://ftp.ibge.gov.br/Trabalho_e_Rendimento/Pesquisa_Nacional_por_Amostra_de_Domicilios_continua/Trimestral/Microdados/2019/,,DOM2019.*,1,999999.0,1.0,Real R$,4.1215,445.19097,0.2644581492746809,1.264458149274681,False,income_raw / income_scale_divisor,renda / exchange * inflation_factor_2025,Stage 00 metadata; documentary provenance of historical exchange/index series not yet recorded,0.543,0.534758476099,external validation only,log_mad,227795.0821266118,1.4826,0,443632,0,0,443632,,,227795.0821266118,6.0,0.0
2020,PNAD Continua,VD5008,605.0,8.0,,,,https://ftp.ibge.gov.br/Trabalho_e_Rendimento/Pesquisa_Nacional_por_Amostra_de_Domicilios_continua/Trimestral/Microdados/2020/,,DOM2020.*,1,999999.0,1.0,Real R$,5.3995,451.38368,0.2471105512720353,1.2471105512720353,False,income_raw / income_scale_divisor,renda / exchange * inflation_factor_2025,Stage 00 metadata; documentary provenance of historical exchange/index series not yet recorded,0.523,0.488220629536,external validation only,log_mad,129791.59805539256,1.4826,0,355310,1,1,355309,,,129791.59805539256,6.0,2.8144437251977142e-06
2021,PNAD Continua,VD5008,605.0,8.0,,,,https://ftp.ibge.gov.br/Trabalho_e_Rendimento/Pesquisa_Nacional_por_Amostra_de_Domicilios_continua/Trimestral/Microdados/2021/,,DOM2021.*,1,999999.0,1.0,Real R$,5.2797,475.53819,0.1837647571481062,1.1837647571481065,False,income_raw / income_scale_divisor,renda / exchange * inflation_factor_2025,Stage 00 metadata; documentary provenance of historical exchange/index series not yet recorded,0.544,0.528508850596,external validation only,log_mad,187322.4960378892,1.4826,0,335003,1,1,335002,,,187322.4960378892,6.0,2.985047895093477e-06
2022,PNAD Continua,VD5008,673.0,8.0,,,,https://ftp.ibge.gov.br/Trabalho_e_Rendimento/Pesquisa_Nacional_por_Amostra_de_Domicilios_continua/Trimestral/Microdados/2022/,,DOM2022.*,1,999999.0,1.0,Real R$,5.237,514.49479,0.0941322651683218,1.0941322651683218,False,income_raw / income_scale_divisor,renda / exchange * inflation_factor_2025,Stage 00 metadata; documentary provenance of historical exchange/index series not yet recorded,0.517,0.518944401741,external validation only,log_mad,172696.43422175254,1.4826,0,376678,1,1,376677,,,172696.43422175254,6.0,2.65478737807889e-06
2023,PNAD Continua,VD5008,673.0,8.0,,,,https://ftp.ibge.gov.br/Trabalho_e_Rendimento/Pesquisa_Nacional_por_Amostra_de_Domicilios_continua/Trimestral/Microdados/2023/,,DOM2023.*,1,999999.0,1.0,Real R$,4.937,533.46528,0.0552239688401088,1.0552239688401088,False,income_raw / income_scale_divisor,renda / exchange * inflation_factor_2025,Stage 00 metadata; documentary provenance of historical exchange/index series not yet recorded,0.517,0.514862434537,external validation only,log_mad,151639.8058122936,1.4826,0,382937,4,4,382933,,,151639.8058122936,6.0,1.0445582432619463e-05
2024,PNAD Continua,VD5008,673.0,8.0,,,,https://ftp.ibge.gov.br/Trabalho_e_Rendimento/Pesquisa_Nacional_por_Amostra_de_Domicilios_continua/Trimestral/Microdados/2024/,,DOM2024.*,1,999999.0,1.0,Real R$,5.5416,546.40972,0.0302257251207025,1.0302257251207023,False,income_raw / income_scale_divisor,renda / exchange * inflation_factor_2025,Stage 00 metadata; documentary provenance of historical exchange/index series not yet recorded,0.504,0.502581211667,external validation only,log_mad,173832.47922601184,1.4826,0,381717,6,6,381711,,,173832.47922601184,6.0,1.571845110382823e-05
2025,PNAD Continua,VD5008,666.0,8.0,,,,https://ftp.ibge.gov.br/Trabalho_e_Rendimento/Pesquisa_Nacional_por_Amostra_de_Domicilios_continua/Trimestral/Microdados/2025/,,DOM2025.*,1,999999.0,1.0,Real R$,5.3674,562.92535,0.0,1.0,False,income_raw / income_scale_divisor,renda / exchange * inflation_factor_2025,Stage 00 metadata; documentary provenance of historical exchange/index series not yet recorded,0.511,,external validation only,log_mad,207974.8228308204,1.4826,0,408243,0,0,408243,,,207974.8228308204,6.0,0.0
