year,pareto_x_pmin,pareto_selection_alpha,pareto_selection_r2,pareto_selection_status,transition_x_t,transition_delta_x_t,transition_rule,pareto_population_n,pareto_population_pct,pareto_alpha_ls,pareto_beta_ls,pareto_ls_r2,pareto_ls_sse,pareto_alpha_mle,pareto_alpha_mle_fisher_se,pareto_beta_mle_continuity,cutoff_normalized,cutoff_income_adj,pareto_alpha,pareto_r2,bootstrap_reps,pareto_alpha_ls_bootstrap_se,pareto_beta_ls_bootstrap_se,pareto_alpha_mle_bootstrap_se,pareto_beta_mle_bootstrap_se,pareto_alpha_mle_likelihood_se,pareto_beta_mle_likelihood_se,pareto_mle_r2,pareto_supported,pareto_income_share_pct
1976,33.93613940952897,1.1495992949451272,0.9811005195917056,earliest_tail_start_with_r2_ge_0.98,21.03009068522687,12.9060487243021,midpoint_between_regime_bounds,253,0.1704897706137631,1.1495992949451272,2.801861409318529,0.9811005195917056,0.2434052933278114,1.91305480210872,0.1202727249343233,340.70503067231874,21.03009068522687,23625.91179555896,1.91305480210872,0.9811005195917056,,,,,,,,,,
1977,86.70750357294955,15.28951336221607,0.6809207263717553,fallback_highest_tail_r2,45.83829258153557,40.86921099141398,midpoint_between_regime_bounds,956,0.4930732492289283,15.28951336221607,1.0390456024838754e+30,0.6809207263717553,14.7275213062869,1.0088481055415603,0.0326284795520965,47.41624484707118,45.83829258153557,128497.11273677366,1.0088481055415603,0.6809207263717553,,,,,,,,,,
1978,77.77124454992553,6.248532620568886,0.4306223613391662,fallback_highest_tail_r2,41.85172750025529,35.91951704967023,midpoint_between_regime_bounds,658,0.3041663392332974,6.248532620568886,489412446674.9764,0.4306223613391662,10.692354185688274,0.8631547721328956,0.0336492763724383,25.106701108268474,41.85172750025529,78096.97952966778,0.8631547721328956,0.4306223613391662,1000.0,4.129451503457959,4.4942359126117815e+53,0.0045170455737266885,0.4242749061251123,0.008347333966289032,0.7825772756817623,-0.49508192927134287,False,40.922974379038635
1979,8.496751702535459,2.4665779503907044,0.987459137089877,earliest_tail_start_with_r2_ge_0.98,8.496751702535459,0.0,coincident_regime_bounds,1827,1.0696282939223802,2.4665779503907044,174.95144513105117,0.987459137089877,1.13017472002246,2.668689414039587,0.0624350924640502,381.69912011168,8.496751702535459,8713.393005727306,2.668689414039587,0.987459137089877,1000.0,0.06446820053507107,36.1986355435549,0.062344193207441424,51.55466278329027,0.06245217690615253,51.00565941293083,0.9794103640231167,True,14.499896559675122
1981,7.371242712382564,3.261436444754596,0.9791595269776888,fallback_highest_tail_r2,7.371242712382564,0.0,coincident_regime_bounds,5681,1.2030970059170094,3.261436444754596,1210.2487513530125,0.9791595269776888,3.0077823772051544,2.5583351172475197,0.0339425946423994,243.90447582527037,7.371242712382564,2496.4480721647988,2.5583351172475197,0.9791595269776888,1000.0,0.13726997657812265,580.4427735867147,0.03289614716392244,16.197362106953705,0.033945581889405815,16.53897461544156,0.8597807241263933,False,14.152795238868336
1982,7.849559609203476,2.8754191059342347,0.9963078235845512,earliest_tail_start_with_r2_ge_0.98,7.849559609203476,0.0,coincident_regime_bounds,2560,1.237641712393338,2.8754191059342347,455.2882006757631,0.9963078235845512,0.4473184873540188,2.8848761334133064,0.0570173709315364,541.7818676264861,7.849559609203476,6359.905832690098,2.8848761334133064,0.9963078235845512,1000.0,0.04075159019273495,56.811074755737,0.05578732104608809,63.64337736402374,0.057028506049511825,63.661974865354566,0.9910185019330612,True,14.82046019265698
1983,7.96710960176985,2.776827850093007,0.9947365799996454,earliest_tail_start_with_r2_ge_0.98,7.96710960176985,0.0,coincident_regime_bounds,5176,1.035626678191415,2.776827850093007,385.84190169478046,0.9947365799996454,0.7982764604324448,2.485291809431156,0.0345446068783388,218.44929341007548,7.96710960176985,1603.6136229100368,2.485291809431156,0.9947365799996454,1000.0,0.058000727789324955,84.35427738229497,0.03249547118689494,14.81806135758332,0.03454794371552518,15.662399198066165,0.9386967726368185,True,13.533874686592554
1984,7.82329475179977,3.3576735676892526,0.995345554408696,earliest_tail_start_with_r2_ge_0.98,7.82329475179977,0.0,coincident_regime_bounds,5611,1.1121682424530732,3.3576735676892526,1523.6631292059792,0.995345554408696,0.5413711524483248,2.664553489915974,0.0355716744163777,324.80344071925725,7.82329475179977,1360.435558330008,2.664553489915974,0.995345554408696,1000.0,0.0680839433240348,464.3088090616955,0.03264186611476085,21.851323274755224,0.03557484409109887,23.769511319074272,0.8566287181159283,True,13.535432317026263
1985,7.727884152904459,2.845655510465797,0.9884408834827724,earliest_tail_start_with_r2_ge_0.98,7.727884152904459,0.0,coincident_regime_bounds,6033,1.1734226480490608,2.845655510465797,532.3840611677135,0.9884408834827724,1.7236653912595448,2.432809067459261,0.0313214142296279,203.320902349396,7.727884152904459,1468.3121390458227,2.432809067459261,0.9884408834827724,1000.0,0.08592776194869964,277.3016894878277,0.03052641734189168,12.747350370168546,0.031324009962842445,13.023198930667078,0.8968263462294365,True,15.120924644138356
1986,7.218092203968127,2.1326803653865243,0.9754860241505304,fallback_highest_tail_r2,7.218092203968127,0.0,coincident_regime_bounds,3553,1.2504311224669356,2.1326803653865243,67.86447408669837,0.9754860241505304,2.510455388269317,2.3455771802487635,0.0393506693501023,153.49949062927152,7.218092203968127,2043.3937586039283,2.3455771802487635,0.9754860241505304,1000.0,0.05026199370320314,10.508838028847892,0.04064637767157919,12.44232380532129,0.03935620662859007,11.940895949970953,0.9677904296933191,False,15.779194820075915
1987,7.763947684149914,2.6654433450411124,0.9889923196717456,earliest_tail_start_with_r2_ge_0.98,7.763947684149914,0.0,coincident_regime_bounds,3459,1.182099345556448,2.6654433450411124,325.89397091054065,0.9889923196717456,1.340392591324757,2.384758946219901,0.0405479783254118,185.0902512345535,7.763947684149914,1760.8285210917386,2.384758946219901,0.9889923196717456,1000.0,0.05591933663682319,64.61058672673262,0.04030869618855635,15.524817994365653,0.04055383913030541,15.383725396980813,0.939798815270559,True,15.46841735564243
1988,8.533216400084266,2.5862880548958582,0.9948405114166048,earliest_tail_start_with_r2_ge_0.98,8.533216400084266,0.0,coincident_regime_bounds,3140,1.084130606664296,2.5862880548958582,315.46709804286985,0.9948405114166048,0.5281649046054274,2.3587623013401595,0.0420939183249053,203.03216629391005,8.533216400084266,2120.458320801568,2.3587623013401595,0.9948405114166048,1000.0,0.05366254147388431,70.21980606797065,0.04031269712827856,17.6452790413729,0.04210062064457947,18.326153223397814,0.9448105142077785,True,15.71802118028073
1989,8.078334131356732,1.8452921535218605,0.9632323495550162,fallback_highest_tail_r2,8.078334131356732,0.0,coincident_regime_bounds,3467,1.1845297071987426,1.8452921535218605,40.06415495241112,0.9632323495550162,3.845238885277365,2.170020576832886,0.0368541951478212,130.0492986128862,8.078334131356732,3019.057984442221,2.170020576832886,0.9632323495550162,1000.0,0.07120538179606663,8.63532769116022,0.03614862675417234,9.918382450758259,0.03685950976247043,10.014623099709526,0.9024633869177278,False,18.016238572552695
1990,8.665971226618906,2.1249824940992967,0.997370189614886,earliest_tail_start_with_r2_ge_0.98,8.665971226618906,0.0,coincident_regime_bounds,1365,1.1809082179100088,2.1249824940992967,117.39162807119398,0.997370189614886,0.2891390318703152,2.0432345604047604,0.0553034086664976,111.64879743652094,8.665971226618906,22706.817828902876,2.0432345604047604,0.997370189614886,1000.0,0.032415772297808884,15.669703664566317,0.05058722408149834,12.395493790840197,0.055323662616502886,13.338250699867656,0.9677900893751529,True,19.345271728959133
1992,7.465068963129983,2.2158432186449804,0.9949571247325956,earliest_tail_start_with_r2_ge_0.98,7.465068963129983,0.0,coincident_regime_bounds,857,1.1377817901808236,2.2158432186449804,87.83843088367644,0.9949571247325956,0.4621910631819949,2.385813881756108,0.0814978497141377,164.2502638201749,7.465068963129983,2383.279254755917,2.385813881756108,0.9949571247325956,1000.0,0.039557931374365723,11.132307387407431,0.08467226988097316,28.862581307329503,0.08154538418873084,26.924783364814733,0.9890179694502839,True,14.694660749233904
1993,8.09189309790807,2.2247184517105785,0.994233691028353,earliest_tail_start_with_r2_ge_0.98,8.09189309790807,0.0,coincident_regime_bounds,910,1.1846181884454163,2.2247184517105785,113.98906162573137,0.994233691028353,0.529630175002496,2.30854639052865,0.0765275676624627,168.8108151264237,8.09189309790807,2885.923224713484,2.30854639052865,0.994233691028353,1000.0,0.044599626400658704,17.632611523526908,0.07406935480757461,27.13953965299856,0.07656960423122867,27.02602574215508,0.987049726439471,True,16.771362627122045
1995,8.407876016545897,2.81498264520965,0.987033751215114,earliest_tail_start_with_r2_ge_0.98,8.407876016545897,0.0,coincident_regime_bounds,855,1.0395642341268876,2.81498264520965,528.5096506593684,0.987033751215114,0.9050353838251995,2.354246696428253,0.0805135382001125,185.7015978628109,8.407876016545897,4763.236359252876,2.354246696428253,0.987033751215114,1000.0,0.0833673123773054,192.16178332172146,0.07240738936236332,30.068387921082362,0.08056060838139996,31.852864147496007,0.8868724295627749,True,14.634111608519916
1996,8.124437179052151,2.768367752430817,0.9890732777606026,earliest_tail_start_with_r2_ge_0.98,8.124437179052151,0.0,coincident_regime_bounds,879,1.0868758810000745,2.768367752430817,435.2511089992084,0.9890732777606026,0.8116191585742906,2.448438958003312,0.0825837963862236,219.50251986937064,8.124437179052151,4746.54234628156,2.448438958003312,0.9890732777606026,1000.0,0.07822217657323048,211.99174491720154,0.07466690230373177,35.04868929743754,0.08263075902657449,37.9961565262037,0.896043333055594,True,14.566082344096046
1997,7.79009107647884,2.4693767411230025,0.9870747699933728,earliest_tail_start_with_r2_ge_0.98,7.79009107647884,0.0,coincident_regime_bounds,1034,1.1957351342600089,2.4693767411230025,194.4096133009451,0.9870747699933728,1.2238900361404053,2.32206788077656,0.0722128760073408,164.29078928066536,7.79009107647884,4328.002834195265,2.32206788077656,0.9870747699933728,1000.0,0.054178691161553404,36.076983028243106,0.06978215872699928,24.472935286148168,0.07224778675436805,24.366632888368986,0.9500000834524635,True,15.933893990835386
1998,8.15287296793561,2.5695625585912154,0.9947974353016932,earliest_tail_start_with_r2_ge_0.98,8.15287296793561,0.0,coincident_regime_bounds,1008,1.156892000459084,2.5695625585912154,261.69581960134343,0.9947974353016932,0.554600500856223,2.400075202667349,0.0755952632632232,207.7139817563189,8.15287296793561,4346.832187378333,2.400075202667349,0.9947974353016932,1000.0,0.03479633586178199,27.876975175000357,0.06770296701065986,29.865312347547185,0.07563275161822863,32.96535662662559,0.96288365884382,True,15.729912778298967
1999,8.176655455951684,2.983033542269379,0.995133609758834,earliest_tail_start_with_r2_ge_0.98,8.176655455951684,0.0,coincident_regime_bounds,968,1.0711282255565884,2.983033542269379,764.9941340401873,0.995133609758834,0.4147713728715475,2.3343081813087214,0.075027506562847,173.5492168490256,8.176655455951684,2639.6928802500643,2.3343081813087214,0.995133609758834,1000.0,0.06971934282925767,285.6931001030419,0.06503466146997326,24.399100614797064,0.07506625043660954,27.374863959106495,0.8241151536444582,True,14.54152199450155
2001,8.53395522561751,2.8589340101264087,0.9979796918398322,earliest_tail_start_with_r2_ge_0.98,8.53395522561751,0.0,coincident_regime_bounds,1017,1.021720348007796,2.8589340101264087,588.1840898676445,0.9979796918398322,0.1845221380559009,2.3326399775766484,0.0731454368444066,178.48624529283995,8.53395522561751,2137.953223130168,2.3326399775766484,0.9979796918398322,1000.0,0.06641919215447481,183.12690813332395,0.06191965051763662,24.33299631688539,0.07318138938373077,28.005343788285636,0.857595733123401,True,14.510521944687085
2002,8.319232469818342,2.176593355147817,0.9241051973459582,fallback_highest_tail_r2,8.319232469818342,0.0,coincident_regime_bounds,1048,1.022439024390244,2.176593355147817,67.85649439093883,0.9241051973459582,6.917718174710144,2.4629528504269707,0.0760808676297789,221.8493696609608,8.319232469818342,1789.5848664400112,2.4629528504269707,0.9241051973459582,1000.0,0.11335952398917931,18.358741036088112,0.07201565635283395,34.89319196849749,0.07611715709888209,35.77532407641415,0.8808882160424427,False,14.098829658226975
2003,7.988967241340482,2.9531524685684154,0.9908262257379,earliest_tail_start_with_r2_ge_0.98,7.988967241340482,0.0,coincident_regime_bounds,1157,1.11236095488064,2.9531524685684154,610.5721669447092,0.9908262257379,0.9677326826962508,2.5377393456340256,0.0746071299744482,255.93072022271943,7.988967241340482,2090.231338535213,2.5377393456340256,0.9908262257379,1000.0,0.053996303781024255,113.318919590212,0.06835144421479476,37.82546703159289,0.07463936464000452,39.69618290283651,0.916364416526956,True,14.250765159994245
2004,8.29192947397243,2.645936218717713,0.9949197389324222,earliest_tail_start_with_r2_ge_0.98,8.29192947397243,0.0,coincident_regime_bounds,1127,1.0338121709138277,2.645936218717713,278.0960524090911,0.9949197389324222,0.5390802905461748,2.573640001430336,0.0766630052702993,278.3240738480201,8.29192947397243,2358.7264409562326,2.573640001430336,0.9949197389324222,1000.0,0.036563558865303325,32.066428412065974,0.0757437324699334,46.96260586858266,0.07669700970989833,45.15414463190634,0.9797963464618754,True,13.860151146049745
2005,7.475625354864691,2.719164043091664,0.9953284759168548,earliest_tail_start_with_r2_ge_0.98,7.475625354864691,0.0,coincident_regime_bounds,1435,1.2662919266168386,2.719164043091664,330.70483797948054,0.9953284759168548,0.5313183982176564,2.486302246959424,0.0656338638652211,214.67449072919493,7.475625354864691,2837.6013576887563,2.486302246959424,0.9953284759168548,1000.0,0.03964872279571698,46.292150308139654,0.06258010517766893,27.64083549569965,0.06565672882458637,28.353822999036648,0.9545485297547435,True,15.511082336899733
2006,8.137758270021328,2.4936061600345814,0.9855772669228956,earliest_tail_start_with_r2_ge_0.98,8.137758270021328,0.0,coincident_regime_bounds,1171,1.016246051306974,2.4936061600345814,165.47881893996944,0.9855772669228956,1.4721933907980456,2.549367027223952,0.0744995958786183,248.08718438687987,8.137758270021328,3560.8595397558283,2.549367027223952,0.9855772669228956,1000.0,0.06191728330267574,32.10515054098462,0.07207044954478938,38.83436588026434,0.07453139933615063,38.765155167353655,0.9759651970852777,True,13.436659700207827
2007,7.561989889673862,2.7680763424074604,0.9953648978972988,earliest_tail_start_with_r2_ge_0.98,7.561989889673862,0.0,coincident_regime_bounds,1309,1.15614594465691,2.7680763424074604,363.8105866549157,0.9953648978972988,0.4245894229765647,2.4983016736591765,0.06905180821256,212.3008832211264,7.561989889673862,3953.267171142556,2.4983016736591765,0.9953648978972988,1000.0,0.0659981665469707,88.91658621777829,0.06597936449108135,29.372832920976162,0.06907817896328373,29.669990615615166,0.9463356657036351,True,14.30435386953468
2008,7.583022241382891,2.43783975909012,0.9874267536579238,earliest_tail_start_with_r2_ge_0.98,7.583022241382891,0.0,coincident_regime_bounds,1205,1.064055242569274,2.43783975909012,141.9256831691038,0.9874267536579238,1.3285732353828634,2.4048923170267744,0.0692790799466377,167.2693641277894,7.583022241382891,4488.694451127015,2.4048923170267744,0.9874267536579238,1000.0,0.06174065849381084,26.97112026730308,0.068005712436204,23.591052965477317,0.0693078204913011,23.486547947674776,0.9705767929732421,True,13.619395257412123
2009,7.5750694401889955,2.5231159110849246,0.992619324611407,earliest_tail_start_with_r2_ge_0.98,7.5750694401889955,0.0,coincident_regime_bounds,1217,1.047314159825132,2.5231159110849246,168.59579493967658,0.992619324611407,0.8529930295850137,2.4524042691549486,0.070298615903891,179.71026334600543,7.5750694401889955,4824.027719369935,2.4524042691549486,0.992619324611407,1000.0,0.03822410754735639,18.857330153270016,0.06600058509126032,24.53249927301433,0.07032749190259155,25.591370911386733,0.9721555684775967,True,13.152888171420614
2011,7.023829110994125,2.5598854058547005,0.9893967681690792,earliest_tail_start_with_r2_ge_0.98,7.023829110994125,0.0,coincident_regime_bounds,1241,1.1848838985640089,2.5598854058547005,162.55265686171265,0.9893967681690792,1.2082793986565363,2.450517447324005,0.0695619756808848,167.41728666517784,7.023829110994125,5257.239422740773,2.450517447324005,0.9893967681690792,1000.0,0.04787950842416376,23.589045711084687,0.06112088843276265,20.295442489846646,0.06958999661885673,22.710552348724928,0.9600451923744922,True,13.6860628600069
2012,6.78783390498434,1.889736743787944,0.9675490289878674,fallback_highest_tail_r2,6.78783390498434,0.0,coincident_regime_bounds,1216,1.1181506376952857,1.889736743787944,29.202044252908895,0.9675490289878674,3.413373735027072,2.244601076165799,0.0643683503919036,100.87964718567598,6.78783390498434,4893.9943415569405,2.244601076165799,0.9675490289878674,1000.0,0.07051272251081966,5.940626054002758,0.06266458959322077,12.32270237545181,0.06439481220202102,12.440937863635861,0.9167115367853803,False,13.843896651302643
2013,6.874046452162832,2.6710596130596254,0.994649147222878,earliest_tail_start_with_r2_ge_0.98,6.874046452162832,0.0,coincident_regime_bounds,1330,1.2217078189300412,2.6710596130596254,208.41955765171448,0.994649147222878,0.4532545567566725,2.6118322718975944,0.0716175505463567,220.3557404677898,6.874046452162832,4756.587364623397,2.6118322718975944,0.994649147222878,1000.0,0.04884096256038069,27.431304158725457,0.06666680074119595,28.961148308412362,0.07164446937856409,30.43395628838806,0.9774978626488616,True,13.392567301728931
2014,6.934216319838362,2.374721488741135,0.9530158708231165,fallback_highest_tail_r2,6.934216319838362,0.0,coincident_regime_bounds,1282,1.1222087028072725,2.374721488741135,81.89621741135032,0.9530158708231165,5.125300748238817,2.5220158412745253,0.0704374779671378,179.4831475694265,6.934216319838362,5007.958267837742,2.5220158412745253,0.9530158708231165,1000.0,0.11004542874630137,20.479567678661464,0.06617502906158439,23.4410441742841,0.07046494432732697,24.491034197990025,0.9260057093871468,False,12.696536629252492
2015,34.022673168642875,1.5661632405659829,0.9812191475374712,earliest_tail_start_with_r2_ge_0.98,20.376938838395265,13.64573433024761,midpoint_between_regime_bounds,61,0.0530707058403876,1.5661632405659829,1.5181594632801765,0.9812191475374712,0.0500406941934466,3.510728865211774,0.4495027701920721,39539.32155242876,20.376938838395265,8955.113695929076,3.510728865211774,0.9812191475374712,1000.0,0.12395584775468586,1.2201528160473116,0.5397912499197354,6685981.831342566,0.4531722414458646,54012.45819978417,-3.337721644773918,True,1.5408038685281866
2016,6.6528101920850125,3.0092631242403813,0.9965504476115634,earliest_tail_start_with_r2_ge_0.98,6.6528101920850125,0.0,coincident_regime_bounds,5180,1.1385391092579935,3.0092631242403813,430.7303906489185,0.9965504476115634,0.482322791019529,2.458068983600984,0.0341530258588727,145.87093912055408,6.6528101920850125,2790.809623793523,2.458068983600984,0.9965504476115634,1000.0,0.05339819107842417,86.05826938939087,0.030434342352561292,8.44938786811985,0.034156322323917104,9.441872134496844,0.8664793619066,True,12.26769404786846
2017,6.5435217482552686,2.825593494959755,0.9951979037038334,earliest_tail_start_with_r2_ge_0.98,6.5435217482552686,0.0,coincident_regime_bounds,5898,1.2883636601935384,2.825593494959755,294.24126915771194,0.9951979037038334,0.7265560385563441,2.5471560751115176,0.0331667695145321,178.6928636968743,6.5435217482552686,292351.4339745816,2.5471560751115176,0.9951979037038334,1000.0,0.07274556881350404,99.91273666273096,0.031093105450771846,10.447195598893517,0.033169581091621984,11.134038890949459,0.9256691192658464,True,13.585661184405083
2018,6.870824545929754,2.8546986457694805,0.994893454047554,earliest_tail_start_with_r2_ge_0.98,6.870824545929754,0.0,coincident_regime_bounds,5338,1.1949907991528952,2.8546986457694805,329.1641486725376,0.994893454047554,0.8632385083309629,2.5297348988768555,0.0346246767317432,184.04775968439765,6.870824545929754,2493.587958827419,2.5297348988768555,0.994893454047554,1000.0,0.048518052213476846,54.61925550581217,0.030980641595487718,11.040127530959973,0.03462791980550173,12.28294993067783,0.9300974100526846,True,13.256006206919295
2019,6.730488746199635,2.7027081168378544,0.9929548457271344,earliest_tail_start_with_r2_ge_0.98,6.730488746199635,0.0,coincident_regime_bounds,5197,1.1860341455510597,2.7027081168378544,229.3531411872272,0.9929548457271344,0.832690995875582,2.3695894615819,0.0328697765170635,129.57475445316996,6.730488746199635,2513.7608582395865,2.3695894615819,0.9929548457271344,1000.0,0.04863053948813427,33.17853604198693,0.0294039951485846,7.276570124520156,0.03287293874483813,8.121371801819873,0.9200345792470019,True,13.29207340931876
2020,6.4020354632668255,2.7643008051015188,0.994428775065178,earliest_tail_start_with_r2_ge_0.98,6.4020354632668255,0.0,coincident_regime_bounds,4169,1.1940666145390284,2.7643008051015188,236.0858734245668,0.994428775065178,0.7870011847370124,2.3803253525165395,0.0368655208942809,120.57065711611908,6.4020354632668255,1889.1460343928047,2.3803253525165395,0.994428775065178,1000.0,0.07196256658787707,79.31707176084201,0.03307315071364201,7.4288164856140515,0.0368699420156689,8.253462203713015,0.8727664029871348,True,12.697657401006111
2021,6.489624975009965,2.7129446440889065,0.979723144353998,fallback_highest_tail_r2,6.489624975009965,0.0,coincident_regime_bounds,3989,1.2141854851719611,2.7129446440889065,195.96868906229537,0.979723144353998,2.6593371824871257,2.472826455757787,0.0391526913056332,148.45415327949567,6.489624975009965,1833.8773343875048,2.472826455757787,0.979723144353998,1000.0,0.09999057697071469,62.98967273965219,0.03431457485585145,9.60359598385015,0.03915759858036824,10.871702423970392,0.9021912167849842,False,12.807290516334632
2022,6.09671689091838,2.8058569187435776,0.9887535005239716,earliest_tail_start_with_r2_ge_0.98,6.09671689091838,0.0,coincident_regime_bounds,4977,1.336642039366082,2.8058569187435776,266.0887147782925,0.9887535005239716,1.586605674055971,2.4530494082568217,0.0347714238807649,133.10708193941315,6.09671689091838,1966.4595913128128,2.4530494082568217,0.9887535005239716,1000.0,0.09205314808172343,129.64919366459245,0.03282735113859216,7.923708914706684,0.0347749169164448,8.367692898183178,0.8925466060999494,True,13.480769971765653
2023,6.046762897273875,2.6132894816947894,0.9945404779563964,earliest_tail_start_with_r2_ge_0.98,6.046762897273875,0.0,coincident_regime_bounds,4898,1.2955684048479337,2.6132894816947894,145.24884106238764,0.9945404779563964,0.6661597945931138,2.4338306728373227,0.0347761075011062,125.71512177612304,6.046762897273875,2174.8178760427345,2.4338306728373227,0.9945404779563964,1000.0,0.031040528668977243,13.66488147190342,0.031664113266169185,7.202156074092195,0.03477965735133139,7.868106654243074,0.9493199073850973,True,12.917721261186855
2024,6.417683532043161,2.614650277650902,0.9896166403447832,earliest_tail_start_with_r2_ge_0.98,6.417683532043161,0.0,coincident_regime_bounds,4173,1.1049972461127824,2.614650277650902,139.63488186537302,0.9896166403447832,1.2204094472892495,2.519459240576688,0.0390016647107559,147.74693740474882,6.417683532043161,2230.19460127185,2.519459240576688,0.9896166403447832,1000.0,0.052641984610078414,22.25004215291137,0.03680558428360852,10.200223437335906,0.039006337527453694,10.713871215992725,0.9625802169272158,True,11.579910849540767
2025,6.061163753063535,2.921147449851836,0.9954876063184672,earliest_tail_start_with_r2_ge_0.98,6.061163753063535,0.0,coincident_regime_bounds,5281,1.3086001868366863,2.921147449851836,328.1158642548713,0.9954876063184672,0.6256612963156514,2.4714290107349317,0.0340087019927159,134.5338989495072,6.061163753063535,2369.6675697638943,2.4714290107349317,0.9954876063184672,1000.0,0.05851096538929351,72.80551916590338,0.030962005208431467,7.566832051189162,0.034011921751505546,8.245063864786106,0.910491230549759,True,12.979107537646954
